area_boundary
1
  4.243765148421366 50.81958159329253
  4.243846757049906 50.81962918655795
  4.24403905659292 50.81974133001218
  4.244256120588204 50.81986791573289
  4.24535404644692 50.82050817685689
  4.246400523137781 50.82111841079442
  4.246992878426465 50.82152395967385
  4.247603786949305 50.82194220060608
  4.248099050115716 50.82231705205682
  4.248115621450675 50.82232956525535
  4.248244095985517 50.82242687332731
  4.248461098120918 50.8225920545093
  4.248586599703619 50.822686122914355
  4.248607563476745 50.822702056560125
  4.248616773565876 50.82270889658988
  4.250841739912012 50.82438089031199
  4.250960961498323 50.82432687926048
  4.251181784548369 50.82421993235803
  4.25315660351373 50.8251476098046
  4.253717752168115 50.825701845848926
  4.253736920540239 50.82572077717046
  4.254310103928939 50.82628687962209
  4.254828948949316 50.82701634272234
  4.255248125528273 50.82783534716718
  4.255505348600086 50.828429000845524
  4.255515608882095 50.8284526856209
  4.255202172111184 50.82862899693954
  4.255049892261984 50.82877106088065
  4.255044339599896 50.82877624071009
  4.255046043661214 50.82879472346378
  4.255049103155472 50.828827891441776
  4.255092422666481 50.82929753518008
  4.255635103794277 50.82932443007295
  4.255670276060198 50.83038672534055
  4.255670645031771 50.83039785117709
  4.25559105032794 50.83042347924389
  4.255589853459486 50.83042668125668
  4.255212972631091 50.83143646821487
  4.254869929286508 50.831713546719264
  4.254832006371102 50.831744178163355
  4.254821773094633 50.83177189927327
  4.254807049014008 50.83180417411048
  4.254790588685883 50.83183236097403
  4.254775762886697 50.83185350303826
  4.254764017326061 50.83186887174589
  4.254753732157258 50.83188150328435
  4.25473703614298 50.831899776945335
  4.2546963183524 50.83194102914417
  4.254666327530016 50.83197136902989
  4.254631759192563 50.832006669592495
  4.254593414907254 50.83204573922842
  4.25456866876323 50.83207127295218
  4.254544686547385 50.83209659309914
  4.25453303383211 50.832109975539716
  4.254521663093296 50.83212344599029
  4.254502727209584 50.832147882127536
  4.254485836968073 50.832172425241254
  4.254469946170261 50.83219626597765
  4.254458028004266 50.83221521304959
  4.254449749991931 50.8322313100022
  4.254443707064709 50.83224419733066
  4.254435456225806 50.83226259995042
  4.254430227890134 50.83227934135182
  4.254426634653598 50.83229717746798
  4.25442495543307 50.83231642356343
  4.254424588313882 50.83234009523145
  4.254426627246029 50.83236175700865
  4.254431718868744 50.832382826275904
  4.254438857513202 50.832401360313746
  4.254448014050543 50.83241898728233
  4.254464551150603 50.83244575766871
  4.254487668308689 50.83248033304796
  4.254511662248196 50.83251494235298
  4.254536455237915 50.83254943016846
  4.254553107677996 50.83257229846584
  4.25459364065984 50.83259433694489
  4.255144417888466 50.83289380381381
  4.255161267434391 50.83290296493614
  4.25515378578065 50.83290645718621
  4.255123160401293 50.832922862038146
  4.255037096438142 50.83297544064694
  4.254931680400305 50.83303993577531
  4.254823780286004 50.83310104545916
  4.254800000089551 50.83311451257748
  4.254679830704235 50.83333683544293
  4.254664072084569 50.833418583447255
  4.254670053497736 50.833520054703015
  4.254680957645609 50.83353719718271
  4.25469289348629 50.833555958778746
  4.255103473916169 50.83385865004528
  4.255421136961049 50.83410483505476
  4.2557219510207 50.83436911735063
  4.255743180052788 50.83438689960682
  4.255784174219515 50.83442667844619
  4.25590996444498 50.834532144883674
  4.255911946027389 50.83453380804836
  4.256062563673386 50.83466683485924
  4.256186179346444 50.834776015555356
  4.256284036637505 50.83486274227364
  4.256333440642339 50.83490653036103
  4.256351212836371 50.83492227972888
  4.256363376688824 50.83493458614694
  4.256391256732872 50.83494881475597
  4.25716761379471 50.83534500983295
  4.25839201098663 50.83577273209822
  4.258768110986074 50.835984185197916
  4.260266397714047 50.83540276894059
  4.260286891376688 50.83539494313879
  4.260310246798533 50.83539182185729
  4.261883907900653 50.835181374467304
  4.262612398832742 50.835421339444906
  4.262663011559077 50.8354380105831
  4.262680387516022 50.83543259076002
  4.262706429733676 50.83542571594211
  4.262724457432728 50.83542068504663
  4.262775926449059 50.83540718510186
  4.26283577033534 50.83539406230084
  4.26287786305062 50.83538513353237
  4.262906707015806 50.835380597027694
  4.262926045060577 50.835377775109606
  4.262962893166955 50.83537264023176
  4.263002012402735 50.83536826681443
  4.263028156302035 50.835365468237306
  4.263062674996062 50.83536196230526
  4.26311464019164 50.83535751836835
  4.263186883060873 50.835352606392334
  4.263232949946112 50.83535019523784
  4.263323765317601 50.835345616212635
  4.263426296038772 50.83534061895062
  4.263479478565387 50.83533828884206
  4.263489160833326 50.83536603275381
  4.263559087925992 50.835566359232935
  4.264444472499065 50.83553126446583
  4.264531925409497 50.835823668877126
  4.264546138290978 50.83587119370249
  4.264951037531094 50.83592082900175
  4.26501159228448 50.83592829250014
  4.265092357895428 50.83593830229737
  4.265132694065957 50.83594332151744
  4.265306661859948 50.83596510798652
  4.266016793294142 50.83605270238023
  4.266328610498632 50.836090972508764
  4.266769722022268 50.836145874199815
  4.267163781751038 50.83619382114962
  4.267214363985492 50.836200000569406
  4.267603175834401 50.83624794296579
  4.267806737551133 50.836272640672355
  4.267881562275239 50.83628161793932
  4.26791971101639 50.83628583462075
  4.268032871861097 50.836297445021614
  4.26808963414907 50.836303054004446
  4.268174862805781 50.8363110978496
  4.268235556823829 50.83631634621418
  4.268276134263011 50.83631959972958
  4.268356720492448 50.83632572220126
  4.268390838891425 50.836328134516314
  4.26845842702041 50.83633228111343
  4.268506169676608 50.836334913524716
  4.268601074005728 50.83633966719001
  4.268630764884549 50.836340983989096
  4.268689338704577 50.83634318106681
  4.268773918176539 50.836346093412544
  4.268817108606587 50.8363470231779
  4.268962038305942 50.83634859846659
  4.268966972019937 50.8363486515394
  4.269042016592728 50.836349119106735
  4.269117021588355 50.836349235640796
  4.269154819240153 50.83634913520362
  4.269171321891007 50.8363489980983
  4.269202712616742 50.83634842190907
  4.269231075008088 50.836347607273304
  4.269269530659648 50.83634615244942
  4.269402095610836 50.83634050212599
  4.269523053822267 50.8363350317585
  4.269653701643466 50.836329132147235
  4.269946514031591 50.836315473217205
  4.270621934840405 50.836279630936716
  4.270667223785545 50.836277139983835
  4.271002174055341 50.836258851792074
  4.271171127132729 50.836249628012354
  4.271217778987451 50.83624726166922
  4.27146916573004 50.83623423641451
  4.271902173458088 50.8362114093582
  4.271919002112873 50.83626130578686
  4.271921436224829 50.83627118333777
  4.271963848593099 50.83644320320859
  4.271959960212122 50.836497583173255
  4.271957209213443 50.8365342424401
  4.271949445158503 50.8365751320327
  4.271946118415068 50.83659265963717
  4.271932764796602 50.83664613288519
  4.271910781929906 50.8366989892045
  4.27189306095046 50.83676250845655
  4.271875610733552 50.836868559257915
  4.271858014835261 50.8369497110553
  4.27185727532622 50.8369638391348
  4.271860873460795 50.83700582397534
  4.271865798646258 50.83701993368875
  4.271884622989772 50.837053961248465
  4.271927844099531 50.83710924858325
  4.272014830590732 50.837180509858534
  4.272120197817211 50.837261412830244
  4.272298620907834 50.83739597176457
  4.27247516822411 50.837533990945055
  4.272594724964721 50.837625614828134
  4.272714907998359 50.837732952814946
  4.272785299372091 50.83781731754849
  4.272850619803465 50.837917173212865
  4.272907131836426 50.83802153515909
  4.273002307523346 50.83801362532662
  4.273227687294149 50.83866912228557
  4.273231322432203 50.83867968973206
  4.273359797435585 50.83865582816767
  4.273453798295891 50.83865504248881
  4.273511688467415 50.83865789823221
  4.273557523732946 50.838664245118494
  4.27362055415586 50.838678625944254
  4.273834912833221 50.838659112018476
  4.273865404458101 50.83864392190089
  4.273908731120417 50.83862574317134
  4.27394762315453 50.83861989451464
  4.274050381454953 50.83862380289142
  4.274082985649301 50.83862200810538
  4.274113482658828 50.83861668196929
  4.274136655872703 50.838610501346686
  4.274182796114329 50.83860042973818
  4.274224738158049 50.83859285456314
  4.274245454072042 50.83859062447328
  4.274267424759545 50.83858973734184
  4.274303375417982 50.83859046799556
  4.274314248516091 50.838591973986496
  4.274346725335589 50.838599703622094
  4.274360394167481 50.83860571236604
  4.274380128442407 50.83861682050603
  4.274389676194325 50.83862837501692
  4.274399199525314 50.8386762242327
  4.27440723131751 50.838701174101864
  4.274411071260941 50.83870520448221
  4.27441666208438 50.838709480776146
  4.274462218163862 50.83872704027703
  4.274630105086605 50.83877149475049
  4.274764449692142 50.838811851837086
  4.275157023367454 50.838925847386314
  4.275187657667361 50.838917394158955
  4.275206792623248 50.83890675706918
  4.275244016343903 50.83887929293458
  4.275283896152872 50.83886455288451
  4.275341354153405 50.83886312117025
  4.27539385007394 50.83886438236819
  4.275419943134687 50.83885730053104
  4.275461153614145 50.83881558854104
  4.275487376876087 50.83879227528056
  4.275518288519296 50.83876958994786
  4.275556996508177 50.83875093663251
  4.275612556689329 50.83874445188665
  4.275676200055496 50.83873325577316
  4.275716339968157 50.83871682143225
  4.27588639723443 50.83864198679189
  4.276026350963832 50.83855412437231
  4.276061208111213 50.83853675085428
  4.276096985011484 50.83851937804715
  4.276141007130873 50.83850201169277
  4.276193303302027 50.83847247061895
  4.276230907565307 50.83845742066107
  4.276262077927171 50.83845164429741
  4.276294159621783 50.8384476090135
  4.276332655062363 50.8384459001969
  4.276356499173085 50.83843663876551
  4.276374863129265 50.838419252254006
  4.276391404999366 50.83839548389954
  4.276409784757053 50.83836997660424
  4.276434575460018 50.83834563504492
  4.276476791285791 50.838314928113746
  4.276500644337918 50.838301026618915
  4.27654465394761 50.83829119980929
  4.27658315038163 50.83828890982742
  4.276635778519996 50.83829832156873
  4.276712230311448 50.83827132767122
  4.276760030411324 50.838237841826285
  4.27681166404014 50.838188370508654
  4.276854357418519 50.83816979034215
  4.276917566971778 50.8381608384441
  4.276945459871965 50.838158321475284
  4.276991648488978 50.83813834592132
  4.277037381809923 50.838101010834
  4.27709026806374 50.83807984662895
  4.27715570735339 50.83806188953209
  4.277180880992351 50.838056866272794
  4.277217963430355 50.83804940995635
  4.277237029740736 50.83804388429238
  4.277259573854123 50.83803427934801
  4.277298969057699 50.838010107128426
  4.277395284210826 50.83794667521107
  4.277437477792897 50.837923074685456
  4.277457803627735 50.83791381031001
  4.277553204227058 50.83787363673299
  4.277569029893236 50.83786807399365
  4.277645912219659 50.83785373277582
  4.277722035670539 50.83784612372934
  4.277795598613733 50.83785571073252
  4.277901357565727 50.83785657598584
  4.277973917585128 50.83784514815569
  4.278037808421952 50.837826169602735
  4.278108916527479 50.83781098222712
  4.278194577952678 50.83780454954981
  4.278256185174499 50.83780426881075
  4.278315375211628 50.83780693907365
  4.278356225865326 50.83780670855685
  4.278373545775141 50.837811684032076
  4.278389504943913 50.83781269299797
  4.278404408193566 50.837809778837915
  4.278424433288471 50.837811419456486
  4.27844188506781 50.837817283908215
  4.27845677650314 50.83781924565935
  4.27847219005239 50.83781698200422
  4.278499434869278 50.837805299154056
  4.278516386834576 50.83780368679174
  4.27857133779103 50.83780535405125
  4.278610366189561 50.8378092860104
  4.278675245097936 50.837816514172985
  4.278744126047357 50.83783016028429
  4.278786175018451 50.83783585787391
  4.278966029412154 50.837847321489406
  4.27914856009457 50.837862752324426
  4.279241607469201 50.83787358440027
  4.279330179225814 50.83788724508039
  4.279381171173497 50.83789577984984
  4.279465258048716 50.83791453446483
  4.279546653434945 50.837936119052415
  4.279588700080843 50.8379418149139
  4.279650443038324 50.837945825510666
  4.279704616320974 50.837945739770944
  4.279778134721783 50.837945795145245
  4.279920738790598 50.83793391684956
  4.280051085828147 50.83792343874134
  4.280244949227315 50.837902434935835
  4.280412061671666 50.837890574394685
  4.280563571973698 50.837879406754205
  4.280701709866795 50.83787457485232
  4.280908897938379 50.837874024247505
  4.281005399232827 50.83787331204428
  4.281560318010982 50.837860049985814
  4.281685942547355 50.83784936377266
  4.281815273999475 50.83783582795016
  4.281929897574503 50.83782455229985
  4.282062520056116 50.83781092369251
  4.282168869287076 50.83784039959566
  4.282314728709872 50.83783650348508
  4.282392133306272 50.8378403414225
  4.282437284142982 50.83784636359215
  4.282518973686243 50.83785099565422
  4.282609336044104 50.83785325642642
  4.282653034978912 50.837852603620384
  4.282746611696063 50.83785405685021
  4.282781782771302 50.83785644991985
  4.282821948580049 50.837857304723954
  4.282876200620049 50.837854023053396
  4.282939491785076 50.83784922904721
  4.282940303108831 50.83784927710094
  4.282844824739545 50.83877328056497
  4.282877901535702 50.83877755341314
  4.282842536725872 50.83913190822063
  4.282746657896636 50.83960613218784
  4.281728115524853 50.83953194581339
  4.281608767310213 50.840056013958005
  4.283024441477922 50.84017954122495
  4.282912834592408 50.84056892423532
  4.283716913836695 50.84065585950674
  4.283305025763681 50.8418297492468
  4.283540380910066 50.84189652937337
  4.283793611601648 50.84194525651351
  4.283677060066739 50.84316568885932
  4.283618683164581 50.84377692741169
  4.283616823524412 50.843796409609865
  4.283790277597782 50.84378972247677
  4.283869384316899 50.84378730106258
  4.284172350792003 50.84377890836599
  4.284251802892188 50.84377781739065
  4.284297969339169 50.84377729518125
  4.28432861274137 50.8437773156261
  4.284393607402881 50.843781265625225
  4.28443034750004 50.84378538817805
  4.284458707334741 50.843792633100236
  4.284477333568368 50.84380298792666
  4.284492545277804 50.843813130321664
  4.28450712811496 50.843825445574176
  4.284518758253115 50.84384003271168
  4.284527038588691 50.843853439474564
  4.284537083596331 50.843877909643346
  4.284544367234065 50.84390193196419
  4.284549082350079 50.8439190916501
  4.284559033879335 50.84395647502231
  4.284583394581715 50.84405576835859
  4.284593675396647 50.84411496270405
  4.284616786797192 50.8443005344322
  4.284634960019689 50.84444415679836
  4.284640475609043 50.84448889690491
  4.284650110532208 50.84456704644675
  4.284665372972063 50.844690817860915
  4.284691073221145 50.844897734668734
  4.284693188615386 50.84491429559161
  4.284695809344863 50.84494008515744
  4.284697099632172 50.84495861743511
  4.284697566124848 50.84497269463911
  4.284697129254722 50.84498454899108
  4.284695744127858 50.84499391436926
  4.284691605801447 50.84501239244635
  4.284686635594668 50.84503097205279
  4.284615435999455 50.84529719967341
  4.284604620118213 50.84533764626093
  4.284288849593557 50.845400333393265
  4.284576866334792 50.84569817820454
  4.284592531978569 50.84580930126212
  4.284670831469801 50.84636468775274
  4.284640250020754 50.84646088693339
  4.284356765530796 50.8466198339417
  4.284160714811874 50.84671754727411
  4.283984162511707 50.84678905794649
  4.283504424428401 50.8469795022526
  4.283300120816669 50.84699213859038
  4.283249684517168 50.846995259247045
  4.283700228183752 50.84774824689596
  4.283722401697721 50.84778128960282
  4.283751117941614 50.847822971258104
  4.283809479924084 50.84789547731804
  4.28386227646983 50.8479527619015
  4.283932525244041 50.84802527067702
  4.283981560152969 50.84806925233983
  4.284033471085576 50.848106135044944
  4.284088073080617 50.84813927282385
  4.28415293775852 50.848169988593305
  4.284212701868184 50.848193209897914
  4.284286345480432 50.84821544145263
  4.284381786457859 50.84824174889842
  4.284488932638473 50.84827086645914
  4.284897360666422 50.84837980044252
  4.285014101221641 50.848314301424054
  4.285088007790417 50.84827498685395
  4.285166274582736 50.84823141788496
  4.285255225082509 50.84818377876326
  4.285316432173724 50.84814932092538
  4.285404905363651 50.84810060980244
  4.285446218286971 50.84807761568587
  4.285460939551807 50.848069423302654
  4.285749824915261 50.847858893483824
  4.285845903390869 50.84781762492723
  4.285878347014474 50.84780726153973
  4.285945591605892 50.84778897722123
  4.285979335520517 50.847781623686494
  4.2860738084698 50.84776760858988
  4.286098518324216 50.84776503112716
  4.286123745049342 50.847763794536796
  4.286182680721848 50.84776222621324
  4.286227786369236 50.84776231522676
  4.286278715473892 50.8477631403899
  4.286585185893941 50.84778787277418
  4.28663715429178 50.847794034679595
  4.286766092503467 50.84780863535807
  4.286854278197314 50.8478185949851
  4.286953810888615 50.847832982357886
  4.28705671459395 50.84784964596199
  4.287176096612457 50.84787388641652
  4.287314951372914 50.84791741079951
  4.287680441378461 50.84805169335634
  4.287866763824307 50.84812245259341
  4.288247467437079 50.84826746646643
  4.288045338458378 50.84849850162184
  4.288005483151704 50.848549687319085
  4.287975937447239 50.84859146622467
  4.287922982660463 50.84867094768579
  4.287850967107715 50.848799533343595
  4.287799642099779 50.84889113947461
  4.287747655813786 50.84898463364477
  4.287690496105645 50.84908763155189
  4.287545772692827 50.84930580912806
  4.287516139838385 50.84937733809617
  4.287463918690607 50.84950279291314
  4.287426106126615 50.84959360700327
  4.287405729989317 50.84964507915355
  4.287371836724585 50.849727038733626
  4.287350092336305 50.84977967353325
  4.287332815275958 50.84982147652687
  4.287252990240963 50.84996468700942
  4.287200042654035 50.85005155965456
  4.287117931643876 50.85017517420821
  4.287047746387496 50.85028192542877
  4.286969610100673 50.8503993664648
  4.286921622171947 50.85047592676312
  4.286846672806257 50.85059394092948
  4.286822836395268 50.85063283676481
  4.286763023406562 50.85073443428952
  4.28667830886154 50.850879843027265
  4.286626346119128 50.850967374827164
  4.286571758873131 50.85106092271394
  4.286549605795654 50.85109835113272
  4.286444299803648 50.85128099932758
  4.286428693767262 50.85130033963754
  4.286394860362193 50.8513418274666
  4.286364953758135 50.85137622997507
  4.286326071701641 50.85141609903255
  4.286296511975248 50.8514452073054
  4.28627777994172 50.85146326530969
  4.28622180503509 50.85151195657926
  4.286164523420721 50.851561163266375
  4.286110316411253 50.851603407723594
  4.286067652491759 50.85163488576369
  4.286048077469216 50.85164769758508
  4.285952274724836 50.85170999758864
  4.285906280309582 50.851738882822005
  4.285846922350224 50.85177438645322
  4.285739382125386 50.8518385636919
  4.285634494852278 50.85190331802366
  4.285573244281583 50.85194122649562
  4.285501615459099 50.851985198782515
  4.285465451264074 50.85200825549288
  4.285405562735325 50.85204694152861
  4.285295035214447 50.852117748347304
  4.285209753070272 50.852170759294424
  4.285120090636361 50.85222757719297
  4.285011900428481 50.85229753822379
  4.284922814890026 50.85235427727065
  4.284804360214257 50.85243114483903
  4.284697261415022 50.852500605815514
  4.284556303737084 50.852587397368296
  4.284380987255127 50.85269745352787
  4.284245132154028 50.85278462949782
  4.284169789392709 50.8528319424039
  4.284073041738927 50.85289129593787
  4.283988515488974 50.85293870283275
  4.283897537773252 50.85298935564129
  4.283827597455524 50.853027553250776
  4.283741203554528 50.85307457027832
  4.283620823879103 50.85313625666096
  4.283592353909947 50.85314935795845
  4.283541706217224 50.853173853465506
  4.283512901870722 50.85318784194626
  4.283449843892669 50.853219691228844
  4.283401384143149 50.853242734111426
  4.283348627166403 50.85326959836397
  4.28332138703658 50.85328276808454
  4.283249224754855 50.85333230058141
  4.283221755314405 50.85335796048554
  4.283207309451378 50.85337443750073
  4.283189245050667 50.85339998913464
  4.283115472412911 50.853543964798796
  4.283112133377329 50.85359085305506
  4.283116122491828 50.85361524841469
  4.283136457839636 50.853665237571015
  4.283148704774222 50.85368695500215
  4.283168550913761 50.85371335534875
  4.283195999601404 50.85374957772675
  4.283216694896512 50.85377200747744
  4.28325446747927 50.853807513833125
  4.283291836204408 50.8538405531656
  4.283380242283529 50.85391035396616
  4.283458871301804 50.853960127671805
  4.283501699809722 50.853983626182384
  4.283557359163368 50.854012701657815
  4.283660719679546 50.85406119279942
  4.283752243218657 50.85410243627792
  4.283798409629513 50.85412306043836
  4.283856552842656 50.8541490207155
  4.283937761819342 50.85418454795169
  4.284064401057775 50.85424235272646
  4.284303091673573 50.85434718418497
  4.284395421805096 50.85438484344062
  4.284480407143968 50.854416459323616
  4.28456202734246 50.85444239282463
  4.284647097291241 50.85446764695828
  4.28471984438712 50.85448650757409
  4.284829430137973 50.8545098674639
  4.28496434546735 50.854535832734605
  4.285033840493023 50.8545463946234
  4.285114971542593 50.854555552269694
  4.285212426384541 50.85456383250877
  4.285336794141395 50.85456595262847
  4.285481818440363 50.85456747443605
  4.285587751490565 50.85456820196168
  4.285737660399173 50.854570138246594
  4.285822112874776 50.85457276344838
  4.286054821032334 50.85458433224272
  4.286110623045547 50.85458639495693
  4.286171272443081 50.854589979894286
  4.286214845081319 50.85459403760003
  4.286268136830973 50.85460019194542
  4.286341960846438 50.854611987278865
  4.286411336136439 50.85462641734743
  4.286454139694855 50.85463644777025
  4.286587369618211 50.854668368958016
  4.286655072429686 50.854686482695264
  4.286714675369156 50.854704915836656
  4.286785798580717 50.85473057585627
  4.286841344835832 50.85475093059376
  4.286933630435889 50.854785355910465
  4.286971640327271 50.854799379918354
  4.287081175790392 50.85483982921743
  4.287201382235446 50.85488458490693
  4.287248360871747 50.85490183396578
  4.287502195649592 50.85499420772055
  4.287588725459407 50.855025206803894
  4.287653878530223 50.85504895642517
  4.287742454006958 50.8550808039669
  4.287890262632686 50.85513276656332
  4.287973605855398 50.85516273190831
  4.288048082769212 50.855188622140794
  4.288339590009802 50.85529414730497
  4.28858650146433 50.85538072907479
  4.288758018885813 50.8554411625117
  4.289080915747198 50.855557626760174
  4.289257640099435 50.85562102446758
  4.289528089521374 50.85571982275488
  4.289665503442398 50.85579602332612
  4.289698451013777 50.85581429473323
  4.289840910101962 50.8558660556729
  4.289359037857212 50.85661840708865
  4.288377124334738 50.85757405921778
  4.287528712944264 50.856913656970555
  4.287034509515827 50.857598003749175
  4.286972202651652 50.85746863141713
  4.286059274165305 50.85772740904286
  4.28580957705856 50.85780063305768
  4.284605552956664 50.85814677553049
  4.284516672397876 50.85817103710442
  4.284386565961079 50.85820655425755
  4.284291256009705 50.85823257301415
  4.284199426637356 50.858257639138145
  4.284010690329935 50.85830915982432
  4.284242607946319 50.858495641177115
  4.28420103251699 50.8585119392514
  4.283853565486844 50.85864857651972
  4.283449350658946 50.85879914509865
  4.28358037198789 50.858936163081715
  4.283701784440022 50.85905038097959
  4.283843571843393 50.85920020455145
  4.283877249876536 50.859235794008626
  4.282666384119571 50.85966870540921
  4.282643889041134 50.85967674648815
  4.282608673610817 50.85962044666293
  4.282596436539924 50.85960229624761
  4.282558535241976 50.8595465668998
  4.28247885770474 50.8594394433043
  4.282400786467632 50.85933645742615
  4.282325844636174 50.8591945413919
  4.282297262430521 50.85920476995298
  4.280336806061142 50.85990641897184
  4.28045841042265 50.86003923059731
  4.280508704879352 50.86010632682243
  4.280609874736868 50.86031332295243
  4.280659719744778 50.860461040778176
  4.280660925590452 50.860501304495216
  4.280662243077591 50.86054525326399
  4.280647350150072 50.86061065108788
  4.280646295262216 50.860615284560325
  4.280783476716479 50.86146140916526
  4.280738181148216 50.86146419312247
  4.280342727223784 50.86148849045459
  4.280328581797865 50.86148936012728
  4.280329957365135 50.86150339769141
  4.280326049936653 50.86158420804639
  4.280311736041963 50.86170363517861
  4.280311488598699 50.861836147127185
  4.280320732780052 50.861916373285645
  4.280327545218826 50.861939246179226
  4.280354832814368 50.861972675804736
  4.280395301721431 50.86201804611148
  4.280409402265964 50.86204132285908
  4.280415002280606 50.86207354246148
  4.28039121695592 50.86218448794868
  4.280367509740505 50.86225486864102
  4.280332270475023 50.86230089288021
  4.280302622082039 50.862334022466825
  4.280274698347257 50.86234950950603
  4.280237465341636 50.86237087084689
  4.280218837309932 50.86238636339248
  4.28022550279792 50.862439305626
  4.280225522733615 50.862471802966134
  4.280192835723999 50.862518602886
  4.280183923747615 50.862564131875075
  4.280165181879275 50.862620215057206
  4.280128405131567 50.86269402779219
  4.280041226987072 50.862837332367796
  4.280012725670613 50.8628957871745
  4.279952611355069 50.86302895890916
  4.279935394284755 50.86308913088775
  4.279920075357421 50.86313469099496
  4.279892588920758 50.863192260527434
  4.279814180248618 50.863323696766365
  4.279773486065898 50.86340061175434
  4.279760372008909 50.86343059940814
  4.279754772687688 50.86348537058975
  4.27975198691172 50.86350536540286
  4.279665341639556 50.86369102128752
  4.279609611539492 50.86380321252814
  4.279563602826976 50.86387952652554
  4.279528455752708 50.863955847261686
  4.279518714271137 50.86400088652907
  4.279494816078463 50.864071084200425
  4.27946628403135 50.864115660521406
  4.279456899859207 50.86413161442682
  4.27943280089755 50.86415711770264
  4.279430432316926 50.864177731295456
  4.279428038485394 50.86421306747067
  4.279420266496277 50.86422042433821
  4.279403968426931 50.86422188485919
  4.279382244066649 50.86422088607141
  4.279372924492699 50.86422529753341
  4.279365130516523 50.864242961352346
  4.279372070109128 50.86426652621256
  4.279363490961735 50.864290079341174
  4.279342507925112 50.86430773174838
  4.27931864662605 50.86431545040373
  4.27929910156205 50.86435134317404
  4.279312969032946 50.86437529155513
  4.279311232619061 50.86441225495854
  4.279294972108043 50.864463200748304
  4.279276443450742 50.864510898540054
  4.279276965124086 50.86453104398566
  4.279288093613325 50.86455544048858
  4.279294194569236 50.86457983031001
  4.279282395483139 50.86461410507666
  4.279245957170125 50.86463936596618
  4.279226995920197 50.864657088920765
  4.279211502432536 50.864694325251
  4.279195252636267 50.86476082785366
  4.279200748588939 50.8648198072738
  4.279215040308776 50.86485278716849
  4.27926146765495 50.86486528675977
  4.279321240546653 50.86489248882137
  4.279347943386294 50.8649143225096
  4.279365489516569 50.86493971197758
  4.279399240436636 50.86495710083322
  4.279443548320214 50.86497449621491
  4.27946603889258 50.86499054035046
  4.279589661893696 50.86512151891131
  4.279630700506059 50.86516264540041
  4.279573495332397 50.865200261685665
  4.279541232001138 50.865224248587445
  4.279510279317896 50.86525381857174
  4.27948816235737 50.86527892781037
  4.27947310921964 50.865304601883096
  4.27945980166496 50.865339210649125
  4.279437882953373 50.86537414084522
  4.279417878950832 50.865407199796806
  4.27941504012761 50.86541240866872
  4.279352612391519 50.86543147957419
  4.279261619088979 50.865452251932034
  4.279261703471195 50.86570912936403
  4.279557045089971 50.866108282186026
  4.279794134821095 50.866447785197224
  4.28005531143156 50.86682311404917
  4.280314431173807 50.867070702572384
  4.280537429421379 50.86721614610279
  4.280565328629203 50.867224815496655
  4.280604629800991 50.867229529387835
  4.280635397909061 50.86722630891786
  4.280679288401512 50.86721192826157
  4.280745993445847 50.867183871813296
  4.280840075423237 50.86713745977285
  4.280956243914771 50.867086385217306
  4.281012022165235 50.86706970045073
  4.281067802900217 50.867053014221064
  4.281125707620256 50.867048083446434
  4.281167157284602 50.867051278442766
  4.281199287734899 50.8670680298334
  4.281224261505262 50.86709200920335
  4.281236374059604 50.86711281475907
  4.281242747035628 50.86714491690505
  4.281248403935947 50.86717837485127
  4.281256943586356 50.86719917776081
  4.281282633523474 50.867220444985776
  4.281309058799241 50.867232671502926
  4.281352980508218 50.8672449900524
  4.281406060312491 50.86725592306073
  4.281496430491551 50.86728049864862
  4.281520093865346 50.867289140238626
  4.281563817542314 50.86731595102064
  4.281601803197254 50.867342304488965
  4.281673433695876 50.867412256460334
  4.28169062961842 50.867426338712576
  4.281750772450501 50.86746196111711
  4.281780983518379 50.86748750191255
  4.281827002096841 50.867536293166054
  4.281870129498194 50.867590096241294
  4.281913280392125 50.86763114002952
  4.281955740292509 50.867657144278496
  4.282005411673427 50.86767768676806
  4.282049327292402 50.867695036274235
  4.282076655778238 50.867722395784554
  4.28208790233219 50.867746865438754
  4.282114061130126 50.86777547110146
  4.282174563639193 50.86780924675249
  4.282223333300503 50.867832151639135
  4.282284757014282 50.86785449474585
  4.282353413977538 50.86787741267644
  4.282417542190869 50.867903188068446
  4.282450516486915 50.86792374550725
  4.282490383060957 50.867957639698616
  4.282526645685139 50.86797947817517
  4.282593766483116 50.86799732190978
  4.282649091647042 50.868015155581745
  4.282669940218813 50.86803009470514
  4.282695299562401 50.868057665505816
  4.28271340006413 50.86808350935891
  4.282738730135527 50.86810640129223
  4.28279216014653 50.86813209965848
  4.282861268284996 50.86815547643976
  4.282911017869871 50.868176507625975
  4.282958914754804 50.868202784417356
  4.283007694458256 50.86825122337379
  4.28303989859799 50.868287987010284
  4.283089624147509 50.868322430381816
  4.28316332142851 50.868358641507214
  4.283271108591319 50.86840828806571
  4.283323672263681 50.86843653856873
  4.283373577725653 50.868480487765865
  4.283425316998328 50.86853673153405
  4.283486294689499 50.868601765721515
  4.283562103140321 50.86865627059217
  4.283633164156525 50.868702080265656
  4.283694451918541 50.86873092802383
  4.283766884841056 50.8687627207939
  4.283817039491208 50.86877921687871
  4.283891387189092 50.868781033607156
  4.283922055930895 50.86878164243488
  4.283938762942562 50.868793411191916
  4.283934050441482 50.868829853249835
  4.283937737763793 50.868846314519566
  4.283959106785522 50.86884985658355
  4.283996287527366 50.86884694475179
  4.284023240571379 50.86884696405885
  4.284039948686169 50.868858143093306
  4.284036165247198 50.86889399754947
  4.284054661779 50.868945739751915
  4.284101117899163 50.86897757412186
  4.284174755249026 50.869020117456884
  4.284223174355064 50.86907680580548
  4.284291137880416 50.86916065626041
  4.284350724732592 50.869233287604246
  4.284394929809212 50.869293299691435
  4.284418257781034 50.86932973874078
  4.284449345435402 50.869387047492914
  4.284487021890134 50.86945157119522
  4.284513067587475 50.86947990438565
  4.284543877900982 50.86950610506569
  4.284580724230472 50.869522792710654
  4.28459951423523 50.86953756029832
  4.28461302817075 50.869555659580044
  4.284632578103342 50.86956424007757
  4.284681477002154 50.86957569935956
  4.284719849091015 50.86958239032685
  4.284739394819028 50.86959478089618
  4.284779197249626 50.86964240870232
  4.284828914921314 50.86969848499
  4.284901332405775 50.869765919885836
  4.284970752876151 50.86981853654611
  4.2850673666539 50.86987547439675
  4.285141438516889 50.86992457612926
  4.285183107487371 50.86994798966757
  4.285229527082267 50.86996720954592
  4.285283527144301 50.86998763286876
  4.285317620032596 50.87000744379217
  4.285352650529981 50.87003325025668
  4.285396171664156 50.870081847014575
  4.285422658496943 50.87011364376674
  4.285474154065544 50.87016605764066
  4.285492391948726 50.87018967319723
  4.285503008583915 50.87021521072877
  4.285479994025856 50.87031105092369
  4.285503467949876 50.87038717578781
  4.285509387265434 50.87044114690319
  4.285507042424712 50.87046967851115
  4.285493229936844 50.87049771733854
  4.285490143996948 50.870511740159074
  4.285496248760817 50.87052045056448
  4.285526061396176 50.87052530714665
  4.285552043559745 50.87053451336359
  4.285565772833509 50.87055241707081
  4.285573341215716 50.870597881717366
  4.285567890076954 50.87065349313969
  4.285558898067774 50.870697861654406
  4.28553811193247 50.87073231908833
  4.28550194831045 50.87077841891264
  4.28548501113892 50.87080802473778
  4.285478829976344 50.870828412790516
  4.285484956525141 50.87083909801484
  4.285503364567163 50.8708463931465
  4.28553176274965 50.87084981329506
  4.285557095471288 50.87085128668217
  4.285577039191385 50.870860041331426
  4.285596196731087 50.87087996104889
  4.2856138007247 50.870908620299865
  4.285636051853438 50.87091591811073
  4.285672884127785 50.870925654028284
  4.28569151815061 50.87094360718833
  4.285703046776404 50.8709611626991
  4.285734612617006 50.870981659235206
  4.285769266855706 50.87099679445947
  4.285783883773465 50.87101337695156
  4.285790750079876 50.87105384150976
  4.285803811838011 50.871075786377745
  4.285841530535355 50.871103598142014
  4.285884629534158 50.87113921219463
  4.285913859354155 50.871171892432415
  4.285919665298114 50.871198725347476
  4.285922519654793 50.871226248024506
  4.285945651998857 50.8712690755975
  4.285948507058404 50.871294764424924
  4.285941698195103 50.87131799991934
  4.285900086851012 50.87133570662727
  4.285861373981722 50.87135280406789
  4.285843934939666 50.871372362973254
  4.28585355858949 50.8713992791104
  4.285882520150875 50.87142682007387
  4.285946467220883 50.87147498934804
  4.28603956165076 50.87153400082893
  4.286116186024707 50.871577649622594
  4.286193781709692 50.871618228245566
  4.286250783567828 50.871661159923576
  4.286300405180905 50.87171236104415
  4.286346121508312 50.87176602325307
  4.286401562672876 50.87183510516936
  4.286461888457062 50.87189555914083
  4.28653000984311 50.871958485202754
  4.286574785354962 50.87199365428022
  4.286625815902863 50.8720325831153
  4.286673539795047 50.8720573782137
  4.286743192000255 50.872081197493024
  4.286783871157398 50.87210400710775
  4.286828487174856 50.87211493321898
  4.286902077244259 50.87212488979694
  4.286939637335533 50.87214026831601
  4.286964650610499 50.87216653336976
  4.286981010306262 50.87221557387024
  4.287000500339693 50.87226560896578
  4.287038052891155 50.87228544333934
  4.28710839019718 50.872317357695344
  4.287131327780241 50.87234243323409
  4.287147898936739 50.87238303815236
  4.28717796465725 50.872410123603736
  4.287242096628583 50.87244324465999
  4.287304629575913 50.872483884077376
  4.287372687340773 50.872536552989246
  4.28741303228602 50.872578178154235
  4.287450175677897 50.87263684079122
  4.287489726419071 50.872678465382975
  4.287527724482166 50.872702046706436
  4.287569148664107 50.87272033450184
  4.287608875449394 50.872746143491796
  4.287637870716138 50.87279043605569
  4.287708899500487 50.87283895151962
  4.287914379784045 50.87297930014748
  4.287993445195495 50.873062380687955
  4.288010207173604 50.873138101994854
  4.28804974635376 50.87317965015285
  4.28823078524823 50.87326655832155
  4.288273117648985 50.87332072086049
  4.288512809339633 50.87339604545573
  4.288626326509393 50.87344218429146
  4.288739843902113 50.87348832301675
  4.28879019185222 50.87349890130285
  4.288868167700414 50.87348775237765
  4.288892404176819 50.87348819159481
  4.288910222914318 50.87348246906521
  4.288971881964204 50.873462670563036
  4.289001117674427 50.87345502262247
  4.289011868671984 50.87346672477924
  4.289008096116252 50.87348016182434
  4.289013049109251 50.87349956367344
  4.289044975878959 50.87353074476415
  4.289047120949828 50.8735328389523
  4.289102441934646 50.87356749491662
  4.289136431289415 50.873598898869616
  4.289156296467689 50.87361196490852
  4.289182610737438 50.87361105632625
  4.289251941014536 50.87360491960475
  4.289257895931023 50.87360439286671
  4.289281236365126 50.8736053434408
  4.289311016552108 50.873621931343415
  4.289348862186465 50.87363965516162
  4.289455109314173 50.873689412860635
  4.289481278348422 50.87369846442335
  4.28950554277902 50.87370789298126
  4.289547841355236 50.873710980578124
  4.289618378496083 50.873716130880354
  4.289714903590172 50.87374218278052
  4.289744004994933 50.87375764679775
  4.289781566578584 50.8737840648806
  4.289828401512096 50.87380563339327
  4.289916374433055 50.87383981739294
  4.289975978560595 50.87385471626744
  4.290023478396742 50.87387993701756
  4.290042697672906 50.87388126153706
  4.290048684511532 50.87389038153682
  4.290056882454205 50.87390287297037
  4.290095862008186 50.87393208797175
  4.290142605524712 50.87395725351473
  4.290239931429752 50.873963151889235
  4.290247935360758 50.8739618756611
  4.290293181646027 50.87395466519353
  4.290330063811613 50.873956083353534
  4.290379858925528 50.87398124075485
  4.290408897292521 50.874009127261964
  4.29043120288392 50.87402753658744
  4.290437262190944 50.87403253729032
  4.29045487720076 50.87405092337206
  4.290492540939641 50.87405098423159
  4.290512454125778 50.87405364388591
  4.290624543377183 50.8740686101829
  4.29066007476785 50.87407717287987
  4.290723999012481 50.87410147790374
  4.290733804789807 50.87411630616673
  4.290738974944525 50.874125284637834
  4.290751658926102 50.87414731498345
  4.290784922364479 50.874170214676475
  4.290814676666489 50.8741846806676
  4.290934638137059 50.874214344201846
  4.290970129199679 50.874215311054634
  4.291001688968247 50.87420841781922
  4.291007054884091 50.874207246242115
  4.291053194540804 50.87420279906504
  4.291095892646535 50.87420864217026
  4.291120815486552 50.87422754354412
  4.291204999167956 50.874291389263355
  4.291232759503479 50.87430084851784
  4.291268237860319 50.874308089186925
  4.291317185825054 50.87430587312667
  4.291342121653618 50.874307641294706
  4.291427896423361 50.87433787599115
  4.291546452549875 50.87439629558019
  4.291567044075117 50.87440220608138
  4.291578346124143 50.874415194208936
  4.291579705017719 50.87444486889829
  4.291500142426349 50.87447894958697
  4.291475984562481 50.87449957359286
  4.29147732039755 50.87452479094057
  4.291513493770145 50.87455135857897
  4.291552609777149 50.87455806504401
  4.291592333609934 50.87454150576674
  4.29160708800604 50.874531337888506
  4.291649583864091 50.874502051341565
  4.291696110229277 50.87450652313289
  4.291748612690623 50.87454561607125
  4.291766989889331 50.87456718399332
  4.291761210998371 50.874626969402186
  4.29180850413416 50.87477750072571
  4.291845466305628 50.87479998109143
  4.291890138653571 50.874798688287754
  4.291990263770238 50.87479650659191
  4.29204762965775 50.87488819152046
  4.292038972914451 50.87495151619544
  4.292036468750479 50.87495458249105
  4.292026133713063 50.87496723005748
  4.29201619743227 50.87497034331621
  4.292000976624665 50.87497260598384
  4.291834448160467 50.874997373525844
  4.291792470240665 50.87500257019788
  4.291781732539824 50.87500844015848
  4.291774862480322 50.87501334464892
  4.291771205208366 50.87501676689043
  4.291770506499452 50.87502772492932
  4.291776836670439 50.875049348300074
  4.291783879534209 50.87505916935197
  4.291797225745512 50.875076078182495
  4.291798728080776 50.87507807553473
  4.291730551346023 50.87512435345987
  4.291702078370895 50.87514180897897
  4.291641737579754 50.875169143639056
  4.291539766773496 50.87521241638378
  4.291458414119524 50.87522836452022
  4.291430029892363 50.87524542449528
  4.291398513489431 50.875288717212065
  4.291527714274587 50.87527605522985
  4.291663974954377 50.875262702997276
  4.291831304984866 50.87532274479506
  4.291914981659493 50.87534644926845
  4.292014334540925 50.875393609749985
  4.29213102258467 50.87551613016335
  4.292171217498914 50.875534612569936
  4.292446283941241 50.87553491525895
  4.29249699306318 50.87564111396862
  4.292753470168146 50.87565448396578
  4.293051095211058 50.875729538660515
  4.293051991049815 50.87584449622951
  4.293222049391967 50.875905642398344
  4.293358262980323 50.87597825600688
  4.293455047627449 50.87603248867418
  4.293600429490308 50.87611928381722
  4.293696697266728 50.87619609743267
  4.293697165297451 50.87623659336647
  4.2936980658457 50.87631453023841
  4.293698520547885 50.8763538884587
  4.293664244724515 50.87639349363071
  4.293760630562903 50.876432757287674
  4.293970242332257 50.8764087348214
  4.293973282794692 50.876409395487165
  4.29402449673503 50.876420501360954
  4.294050240044826 50.87646598259629
  4.294135525817435 50.8766166490389
  4.294273233777104 50.87665368302337
  4.294366951078509 50.87671628971809
  4.294443431731225 50.87675736840132
  4.294574105072173 50.876827554987955
  4.294604893193626 50.876902034153794
  4.294426557174431 50.876877965896746
  4.294382702044893 50.87691014645671
  4.294416701077173 50.87698421489108
  4.294284455133696 50.877133185366645
  4.294420726616607 50.877152877999755
  4.294598313976674 50.877220912062484
  4.294789079149395 50.87728427382162
  4.294807769125181 50.87738179141419
  4.294874813940716 50.87742116383486
  4.294967087521489 50.87744546549736
  4.295088609702159 50.8774402366336
  4.295192029982921 50.87747971059148
  4.295265841190391 50.877535805905204
  4.295376710342301 50.877535559632584
  4.295494510869295 50.877575600292104
  4.295691568887463 50.877642091353145
  4.295710830773859 50.877718378249085
  4.295861372042219 50.877728052980096
  4.295975053396766 50.877849642796285
  4.296081218243121 50.87787171410029
  4.296153455301229 50.87793409905056
  4.296270536233203 50.87799060713307
  4.296423965951068 50.878045130848456
  4.296585117494018 50.87811363943693
  4.296693969182105 50.87821708419863
  4.296969781623662 50.87828978843483
  4.297049567124601 50.878335123358596
  4.297153224327659 50.87836205653504
  4.297196776183926 50.87842522463689
  4.297321719822746 50.878480801507315
  4.297479055696074 50.87856443326066
  4.297611857256681 50.878609326466275
  4.297664642783801 50.87868634366171
  4.297810604492591 50.87872833195673
  4.298026997273055 50.878859265469536
  4.298205740899583 50.87897847408897
  4.298279594046121 50.87906806860763
  4.298353095290369 50.87912815451296
  4.298388241103498 50.87923866343167
  4.298487420157 50.8793058467256
  4.298492309422403 50.87941050532304
  4.298568553229285 50.87946023544782
  4.298610734462519 50.879647240613686
  4.298847930556113 50.87976335303932
  4.298899994448156 50.879926767013544
  4.298888516110043 50.87994900657504
  4.29886227372168 50.879999854027695
  4.29885947787758 50.880055507746405
  4.29883320250992 50.88014407338609
  4.298830131534109 50.880240914354104
  4.298840323990249 50.880363931734344
  4.29883267704085 50.880442431559715
  4.298774471990137 50.88051280386847
  4.298739189137225 50.880570800096216
  4.298721657647626 50.88065430226223
  4.298645370656187 50.880814995358946
  4.298586748721526 50.88092627857223
  4.298576508248436 50.88098101741325
  4.298505479620512 50.88117711604412
  4.298417969805077 50.88144143388083
  4.298375436099252 50.88159515517328
  4.298305337077529 50.88180779474662
  4.298269618989262 50.88191831613281
  4.298228534029752 50.88202496957756
  4.29822123226939 50.88205364941319
  4.298204634380892 50.88210030544434
  4.298177965739251 50.88217526857255
  4.298177235443408 50.88218974183244
  4.298172068398105 50.88229069935506
  4.298183879839758 50.88236560628037
  4.298198654061713 50.882444550858764
  4.298203087015305 50.882511534062864
  4.298170820105877 50.88259566450011
  4.298152241004109 50.88265652118955
  4.298095576767298 50.882719502572364
  4.298040485470407 50.88277458423994
  4.298003886936465 50.88282680030454
  4.297998102530659 50.88288477791802
  4.297990879110717 50.882946990487724
  4.297985537838045 50.88300210037744
  4.297958300458146 50.88313306936273
  4.297952278274583 50.88324382408985
  4.297952178567188 50.88330217473465
  4.297952498442483 50.88336501027232
  4.297919100454596 50.88345084865413
  4.297896690333975 50.88350927513584
  4.297835440610279 50.883596533707006
  4.297798790197057 50.88366430208402
  4.297742137015915 50.88372719411046
  4.297646386362476 50.88386783913574
  4.297567594929395 50.883988798082775
  4.297533359518573 50.88406546662766
  4.29748202765185 50.884161992221046
  4.29744694427307 50.88423542259746
  4.297385978207256 50.88439784414736
  4.297365747415322 50.88443208956555
  4.297339058146183 50.88449050471766
  4.29728893252815 50.8845492739409
  4.297181669920986 50.884699358414956
  4.29712409372862 50.88478913871891
  4.297099102929865 50.88486166750594
  4.297069932560822 50.88497079148002
  4.297052481206318 50.88503828210886
  4.296997720881317 50.88506873244625
  4.296918527553901 50.88508288775531
  4.296848498842452 50.885063356231086
  4.296697630205249 50.885011151864944
  4.296625193129318 50.88498640487985
  4.29656522336645 50.88497568030784
  4.296412123879946 50.88503532128161
  4.296253314405689 50.88511231748849
  4.296094937973259 50.88518292334698
  4.2959318478367 50.88525929514309
  4.29575754679218 50.885326213006564
  4.295641785241399 50.88539066840287
  4.29554578659106 50.885447134594095
  4.295388075783336 50.885537713671006
  4.295281700796612 50.885596330679604
  4.295186950757169 50.885671764299694
  4.295036426978224 50.88579030372818
  4.294926023765708 50.885878933926435
  4.294776509199735 50.88598840368267
  4.294675077573939 50.88606410311192
  4.294604069519228 50.88612526727106
  4.294545551483319 50.88620333068125
  4.294456969288389 50.88632209654608
  4.294330554061062 50.88647293151379
  4.294199123765768 50.886637868654084
  4.294127457142051 50.88675269099508
  4.294023188206687 50.886915944952435
  4.293935811636502 50.88707946981172
  4.293913803126078 50.887157295602755
  4.293907870903403 50.88731494602647
  4.293916797660774 50.88750227520538
  4.29391874150004 50.887621197009416
  4.293911541636434 50.88777165652034
  4.293909076253655 50.88788401397876
  4.293892239361615 50.887926244945696
  4.293839631242764 50.888561160371275
  4.293761255494227 50.88904441594349
  4.295120408552425 50.889325929159526
  4.300573117645832 50.89045157037762
  4.300937469030293 50.89056212456744
  4.301011765764417 50.89048818495206
  4.301156121183028 50.890419408478735
  4.301403888296074 50.89038934502923
  4.301979630635246 50.890396232080285
  4.302333711363853 50.89046421096857
  4.302658690390732 50.89051077635833
  4.303019493473388 50.89054783481029
  4.303392976546793 50.890566470142296
  4.303768460474022 50.89057587146653
  4.304090463992047 50.89061566403764
  4.304375632183024 50.890673171479996
  4.304741223424817 50.89074771232536
  4.305089759643042 50.89082215226944
  4.305437589506551 50.89089362357784
  4.305775926488032 50.890944774206766
  4.306153118622817 50.890954682281794
  4.306921051225042 50.89094106127718
  4.30724280438438 50.89095803643455
  4.307428235845044 50.890992293521
  4.307854695035455 50.89115423306462
  4.308195914391909 50.89128700051515
  4.309168890567302 50.89165542953409
  4.309698374596532 50.89184240163483
  4.310006382696504 50.891947461364914
  4.310333149839118 50.89205414760086
  4.310586477846456 50.89212681706529
  4.310954721479257 50.89225950050481
  4.311265710939746 50.89237174844562
  4.311585949060615 50.89247689910282
  4.311899347710008 50.892598046738
  4.312199819350826 50.89271199586361
  4.312495464735635 50.892827200446966
  4.312795791977743 50.8929462726449
  4.313094272530826 50.893066600282225
  4.313396029794871 50.89318000756609
  4.31376812859185 50.89331124562413
  4.314610799462952 50.89360844486181
  4.314709698126742 50.89363423259604
  4.314888591313951 50.89368165550217
  4.31762834091827 50.89439869625292
  4.318136000419784 50.8945310501017
  4.318296899390488 50.894578306247176
  4.31854991098227 50.89465740911581
  4.318835328753265 50.894757771634566
  4.319076208898275 50.8948517460781
  4.319381811078202 50.894985362043016
  4.319618094455858 50.89510588596222
  4.319835768326441 50.89522509002667
  4.320223160385503 50.895465282469914
  4.320339844771062 50.89554652930874
  4.320580293131808 50.89572767164436
  4.320769097303639 50.89588100900489
  4.320866684775561 50.8959743897611
  4.321286376873886 50.89634504128448
  4.321527471571074 50.89655901400688
  4.321802047839921 50.8968055107875
  4.32198783100802 50.89696822267251
  4.322211819773268 50.89716484131806
  4.322383282588006 50.897314129051914
  4.322562306825341 50.89746748553687
  4.322740447985479 50.89760635482989
  4.322822335601572 50.897666665617756
  4.322991665177333 50.89778695834168
  4.323095214252239 50.89785541371875
  4.323163432769148 50.89789953957822
  4.323423390179296 50.89805424456514
  4.323629148881383 50.89816169034926
  4.323780384160977 50.8982360587461
  4.324136677555506 50.89839564262753
  4.324602404055073 50.89859232667476
  4.324897925378281 50.89870173792156
  4.325115932525903 50.89878184779668
  4.326223248480685 50.89919340166501
  4.326966080459291 50.899470871985834
  4.327939578374147 50.89982966909092
  4.329040008737519 50.900279003931864
  4.329544373501575 50.900474934611104
  4.329882784276935 50.90059278437214
  4.330124674387889 50.90067538667242
  4.33045325146109 50.900781676302564
  4.330560932658721 50.90081642986353
  4.330916759029217 50.90091531964719
  4.331547253558989 50.901084749199235
  4.33176774795724 50.90113602103093
  4.332117092826976 50.90121057488523
  4.332375536102086 50.901262386478464
  4.332719834518204 50.901325826137736
  4.333232301639705 50.90140798247954
  4.33366121717 50.901467535145756
  4.335434209476571 50.90168141867707
  4.336843958823161 50.90185106820581
  4.33790986212415 50.901979992558786
  4.338723947431697 50.902077306995146
  4.339474847605968 50.90216805184187
  4.339940409382328 50.902223822126594
  4.340405709696566 50.90227982494549
  4.340724812775491 50.902317482426234
  4.341010542130066 50.90234663819916
  4.34130932725337 50.90237225372103
  4.341469948358164 50.902383859883784
  4.341634622663959 50.902394423972225
  4.341811967493088 50.90240392056831
  4.342047751257002 50.90241328602786
  4.342298278743546 50.902418857140184
  4.342673758798807 50.902419564583745
  4.342815938820573 50.90241851651433
  4.343022067251862 50.90241541077617
  4.343316077320105 50.90240720863782
  4.343582244015106 50.90239490224788
  4.343805102467956 50.9023815967663
  4.344073949920516 50.90236197894117
  4.344363418307689 50.902336988301954
  4.344505232096055 50.90232096398112
  4.344816222841112 50.902278565930246
  4.346056651811912 50.90198671514294
  4.347026385448204 50.90174406480077
  4.34809752256983 50.90153435790015
  4.348250860935511 50.90152021086887
  4.348462985690606 50.90150461790523
  4.348623127420524 50.901494892855595
  4.348789236860283 50.901484880907326
  4.349342308386809 50.90145439501345
  4.349576528560363 50.901440420207074
  4.349713924037856 50.90143222187549
  4.349942229547852 50.901417681601814
  4.350108772112823 50.90140853370989
  4.350598430826623 50.901378306901535
  4.350754377662634 50.90136930753894
  4.351153304838582 50.901345743032195
  4.351396196429487 50.90133214124044
  4.35149551389687 50.90132554199384
  4.351833170399152 50.90130593190836
  4.352056720079447 50.901293260969965
  4.352364182713926 50.90127957103183
  4.352515756977932 50.9012751914398
  4.353054307759246 50.90126603337899
  4.353275117557237 50.90126636056006
  4.353589464682733 50.9012725800989
  4.354522480125905 50.90129578616665
  4.355032773361961 50.90130963575347
  4.355810102564758 50.90132968447115
  4.356629306420885 50.90135149835916
  4.357310097997504 50.90136903944919
  4.360245119401795 50.9011990027557
  4.360261755722504 50.90119806896742
  4.360358916567219 50.901192608405324
  4.360453684011446 50.90117949441597
  4.360759989713065 50.901137105602416
  4.360774680482665 50.90113650386758
  4.361987596362386 50.90108600370767
  4.362265940636664 50.901074413576886
  4.362302629586062 50.90107312954248
  4.362492004083796 50.90106649661149
  4.362709194985658 50.90106337553578
  4.362748444777319 50.90106462288601
  4.363036851956272 50.90107379611376
  4.363221892425884 50.90108094072999
  4.363247127818937 50.901082311028716
  4.363304184389257 50.90108541145194
  4.363376579786619 50.901091817672906
  4.363570650282914 50.90110935093722
  4.363573799337267 50.90110963584095
  4.363652538273525 50.90111730639939
  4.363992356185318 50.90115042257211
  4.369282928121253 50.89937339242964
  4.369716929926295 50.89922221887576
  4.369941105240623 50.89913381756199
  4.370059547323176 50.89909144615398
  4.370232431260496 50.899030863310635
  4.370450517557993 50.89896832321235
  4.370539466100042 50.898942037866824
  4.370634240098021 50.89890702759551
  4.370750687991616 50.89887028503929
  4.370873138719253 50.89883973123076
  4.370937520420132 50.89884340740632
  4.371014974528315 50.89884384848073
  4.37110385815537 50.89883669785842
  4.371173424185059 50.8988279784964
  4.371250190925414 50.89881310584817
  4.371448073874718 50.8987795131149
  4.371564665750115 50.89875770362049
  4.371692836361269 50.89873581598454
  4.371886772797466 50.89870679211403
  4.37206418492909 50.89867997196375
  4.372171478547654 50.89866000176915
  4.372384554025254 50.898618891802734
  4.372629750145252 50.89856321021866
  4.373414877892971 50.89840225134422
  4.373423337696178 50.89842135159156
  4.373457212761078 50.89841390251901
  4.375466659057286 50.89797204623563
  4.37551312321259 50.89796019888853
  4.375528255971845 50.89795394419501
  4.375592178163232 50.89791385035197
  4.375734866378163 50.89780648920949
  4.375755226634309 50.89778276741779
  4.37578479889515 50.897759683622525
  4.375870232953126 50.89773612004056
  4.375945970535602 50.89771232116635
  4.376057205831693 50.89768871544033
  4.376231892815687 50.8976676466889
  4.376279530173853 50.89765835769328
  4.376304248087597 50.89765229208371
  4.37638691517563 50.89762207617693
  4.376497465455319 50.897579875725754
  4.37664920602089 50.89750012963001
  4.376623867843358 50.897466305515195
  4.376849110050729 50.89739577328607
  4.376946592867139 50.89735686853429
  4.377051760820184 50.897304466094795
  4.377095663328479 50.89726824486333
  4.377157133999448 50.89721861153509
  4.377178444948663 50.89719726261581
  4.377214086351144 50.897159451218855
  4.377255577928632 50.89710461849573
  4.377280727404239 50.89707555564686
  4.377331579467324 50.897020723598544
  4.377360565866573 50.8970014178649
  4.377391569142771 50.89698694034127
  4.377454779851099 50.896999349280236
  4.377521764861192 50.8970229780695
  4.377641693442484 50.89706695016095
  4.378060459242107 50.89714629653278
  4.378169773235226 50.89722190442195
  4.378224138728257 50.897282019281015
  4.378323147196085 50.897626689463394
  4.378329358903016 50.8978450129429
  4.378094270325255 50.89848870739604
  4.378247517243136 50.89850110673746
  4.378285627606806 50.8985150779547
  4.378297901232659 50.898542633287725
  4.378191222771732 50.89869905197789
  4.378122813273118 50.898822848073536
  4.378063190754113 50.89887125485618
  4.378014799670088 50.898923728170196
  4.378020931397081 50.89899693570615
  4.377985832219809 50.899084794383676
  4.377970711691189 50.89917310011389
  4.377922310232397 50.89932233216491
  4.377968822877157 50.89940536420302
  4.378209934254299 50.89961970356621
  4.378475415203614 50.899847673909015
  4.378708741875442 50.90005076108956
  4.378898002204816 50.90022241350924
  4.379017441650707 50.90033559663021
  4.379055153525952 50.9003753606593
  4.379126121170082 50.90046471556427
  4.379177158497729 50.90055721643566
  4.379219639831057 50.90067196427806
  4.379219669596607 50.9007972272369
  4.380232195566813 50.901058175171045
  4.3813386769042 50.90134991070638
  4.38158275541979 50.901422545744715
  4.38292605061336 50.90179253117108
  4.382951238262656 50.90179946777418
  4.382968699185306 50.90182146003154
  4.38297382614182 50.90182791878266
  4.383574878764426 50.90258498458692
  4.383792678810042 50.9028618180829
  4.383997917039472 50.90310054081813
  4.384023275358678 50.90313192680571
  4.38421275574173 50.90335186135422
  4.384432047089566 50.9036075604773
  4.384542807745934 50.903735370887645
  4.384550989542806 50.90374481216857
  4.384585976163202 50.903785178850306
  4.384598843991156 50.90380170740304
  4.385288223928711 50.9046872231955
  4.385562187821322 50.905007212624824
  4.386183831928336 50.9057580622435
  4.387037605160134 50.907243851042715
  4.387195359650053 50.908072895691895
  4.38720790430571 50.90811488327942
  4.387248566058653 50.90825130770551
  4.387268811110016 50.90831925527868
  4.387289329139408 50.908388083039796
  4.387307580354456 50.90844930545565
  4.387326018644777 50.90851119520639
  4.387494826627398 50.909066443272145
  4.387761721111026 50.909944294435164
  4.388520901687035 50.910275611273306
  4.388602942131858 50.91022816483706
  4.388996706203637 50.91000043609916
  4.389258102453323 50.91035978048968
  4.389703199557917 50.910151221228496
  4.39000384565466 50.91001034334125
  4.389991336553002 50.90997526708035
  4.390864974144738 50.91001396921258
  4.390988864201648 50.91001945808091
  4.391357129887597 50.910035770679386
  4.391511283407491 50.91004259779659
  4.392905654363672 50.90995887845144
  4.393377537375664 50.91005165132397
  4.394003612185029 50.91017473350599
  4.39403741181285 50.91018572180669
  4.394605896677716 50.91037056240878
  4.394886135728582 50.9101873130764
  4.395270763227052 50.910473456955465
  4.396377143533048 50.911296518922114
  4.396601372473445 50.91145009184638
  4.397198873286084 50.91185673097063
  4.397689360790936 50.91205525551089
  4.398305951316719 50.9120966017951
  4.398920647401086 50.912137820208116
  4.399066832090861 50.913231694040846
  4.400918366135246 50.91335279417092
  4.401846101265901 50.91333565403475
  4.403040670804031 50.91304361677865
  4.403327802817481 50.91362216830383
  4.403466349938679 50.91390132544109
  4.404691678804735 50.913554773822185
  4.406245265222381 50.91311535757129
  4.406334872483233 50.913090011544035
  4.407221736867243 50.91295074685665
  4.407636763950129 50.91288557237637
  4.409826257648771 50.912541713312045
  4.41014777532411 50.91246949681902
  4.410958481783141 50.91228739584452
  4.411033441456111 50.91227055765064
  4.412254381263451 50.91199629635967
  4.412444644547674 50.91195355615095
  4.412541407403245 50.91193181854771
  4.412661397559567 50.911904862541434
  4.412940474069112 50.91184217169486
  4.413175878528278 50.911789288881145
  4.413783376843056 50.91162716663225
  4.413932729142545 50.91158053639247
  4.413966462929388 50.911570003520225
  4.413989798805788 50.91156506679719
  4.414142047110712 50.91153285838388
  4.414233885341559 50.91153018304388
  4.414256718641901 50.91148905607632
  4.414276377799499 50.91143090956467
  4.414302685571088 50.911353107562
  4.41441223044268 50.911255496168685
  4.414303505650287 50.91110440436851
  4.414172745974335 50.910937891078646
  4.414110486228689 50.91086393964509
  4.414039150536832 50.91079208157398
  4.41396158011496 50.91070617806039
  4.413907972501255 50.91063983027926
  4.413869155969024 50.91058784240286
  4.413848519207962 50.91055725646
  4.413804495704482 50.91048404565927
  4.41376032485767 50.91039414922738
  4.413750880115779 50.91028713793402
  4.413751894947841 50.91016553680844
  4.413752911864676 50.91015758263609
  4.413761821152983 50.910087905235315
  4.413776699590071 50.910003120524074
  4.413790175043119 50.90990308754004
  4.413802378032177 50.90978966594836
  4.413804578501992 50.90973760020921
  4.413802576796313 50.90970614976666
  4.413793959533647 50.90965576816903
  4.413786963444108 50.909619266935536
  4.413772459066416 50.90958264493037
  4.413752540668566 50.90953764263891
  4.413732292533695 50.90950647112851
  4.413677219757085 50.90944734115959
  4.413598596981889 50.90937932874962
  4.413544955718774 50.90933606832315
  4.413500217457666 50.90929973989246
  4.413442310337713 50.90925814230085
  4.413351857860888 50.90919370126756
  4.413312114578131 50.90916807463919
  4.413243212982856 50.909130246643535
  4.413187261450682 50.90910363090572
  4.413143949837334 50.90909120627544
  4.41300240953188 50.90905500969923
  4.412977075170264 50.90904852260594
  4.412942123053437 50.90903957394285
  4.412906528121837 50.909028739908116
  4.412826511608596 50.90900578789565
  4.412734115006168 50.90897352325374
  4.412672814481412 50.908942466406465
  4.412646133136682 50.9089206446361
  4.41261902438162 50.90889252903618
  4.412576718875585 50.90884157472733
  4.412503389581439 50.908726806298304
  4.412489352857393 50.908700312433005
  4.412450606913809 50.90861819603324
  4.412432541658624 50.908569536655214
  4.412416083612102 50.90851241229085
  4.412394318591612 50.90842355966334
  4.412391418025595 50.90837990845311
  4.412393036497529 50.90832728775636
  4.412399322577076 50.9082546787248
  4.412419960275983 50.90816012305368
  4.412427737197165 50.90811893736317
  4.412450208853902 50.908037053823776
  4.412466927736359 50.9079645213832
  4.412468554971785 50.907950618190114
  4.412478355937412 50.907866901288095
  4.412488029369327 50.9077924614469
  4.412509148727128 50.90766594229022
  4.412519525361352 50.90757732632001
  4.412521840826983 50.9075440331812
  4.41252471569914 50.90744057250597
  4.412525065848588 50.90738660746505
  4.412523458228498 50.907314595411584
  4.412523886976956 50.90728233424351
  4.412525882983725 50.90724483132673
  4.412524310871623 50.907199649253315
  4.412513009745905 50.90713535445347
  4.412494570063998 50.907079844595614
  4.412475424328735 50.907022213512455
  4.412708174780748 50.906968540053555
  4.412723429762915 50.906878042337496
  4.412744028533729 50.90682080177284
  4.41278564711183 50.906772280789106
  4.412831022421901 50.90673876842977
  4.412932888858985 50.90669239048546
  4.413235849284232 50.906636640991756
  4.413446464587704 50.9066112471888
  4.413628793682232 50.906589505755925
  4.413726942080251 50.90657719320114
  4.413952912028874 50.90656120329821
  4.41403702671307 50.906554191778724
  4.414181811153099 50.90653436273178
  4.414355886722834 50.90650163769376
  4.414443532276005 50.90648239033205
  4.414626924979411 50.9064348165422
  4.414722758256202 50.90640939974305
  4.414993709452592 50.906337325114414
  4.415273743043373 50.90625606843044
  4.41543330186953 50.906208999169515
  4.415671434633767 50.906137279959026
  4.415707932014778 50.906126289507036
  4.415768190730558 50.90610725506228
  4.417021497512855 50.90568632334253
  4.417279540854588 50.90560722271659
  4.417402540253331 50.90556813713339
  4.417592917212682 50.90550918601574
  4.417912528719386 50.905421412400074
  4.417881123458518 50.905362081549654
  4.417675016389333 50.904972696365704
  4.417617905325103 50.90480631800065
  4.417582660380308 50.904754446257044
  4.417491687088699 50.90457598169059
  4.417491763737742 50.9045025752222
  4.417537417144132 50.904448475975194
  4.417691653234274 50.904341841604406
  4.417770343169988 50.90428736009282
  4.417860371008996 50.90421396872385
  4.418081038673365 50.90395607717142
  4.418142395512538 50.90391492574635
  4.418342548209272 50.903844146396516
  4.418604660151064 50.90381945766311
  4.418992722013363 50.9038109478634
  4.419193459256547 50.90380812786148
  4.41936303907769 50.903786479418564
  4.419529045630055 50.903746493987335
  4.41956350866661 50.90373991160552
  4.41972007568033 50.9037100038879
  4.420028073247508 50.90364047007506
  4.420293166670521 50.903600619457684
  4.420487627792133 50.90358255406636
  4.420630628975093 50.90356729882416
  4.4207059181321 50.90351548489773
  4.42084245352667 50.90343919376644
  4.420970570534161 50.90333620856247
  4.421072522548705 50.903227300608165
  4.421109880427961 50.903201574142656
  4.421194599426953 50.90319074859752
  4.421300369208301 50.90318926383132
  4.421752632680197 50.90322402584272
  4.422116652014391 50.90317037137539
  4.422397492553376 50.90261191271886
  4.422496109997649 50.90257366293888
  4.422559379390083 50.9025807344763
  4.422634745201651 50.90259589079212
  4.422698916506021 50.90264503352787
  4.422961439422769 50.90296655074924
  4.423398951591216 50.902668526836244
  4.424245829486547 50.90208561342583
  4.424407461753455 50.901859554661264
  4.424456015117621 50.90179164936238
  4.424492236013232 50.901767182305115
  4.424756768160451 50.90174458144852
  4.424879409351568 50.90159188261159
  4.424943920593029 50.901450088236295
  4.424984689315014 50.901424629270956
  4.425317714878733 50.90138140753823
  4.425448105665679 50.90128920351994
  4.425454111970516 50.901203171551394
  4.425452637180594 50.901158855374256
  4.425510176442273 50.90113024102583
  4.42597509095148 50.90106331148655
  4.426067025645913 50.901029197095546
  4.426098261394245 50.90099843799825
  4.426078707954688 50.900934801445636
  4.426041217765028 50.90085175813369
  4.426061055724227 50.900798531232724
  4.426115890847749 50.90076919876966
  4.426352563548379 50.90075389019248
  4.42639033295078 50.900720071383354
  4.42646637004936 50.900477050027234
  4.426435422073197 50.90039580145094
  4.426514739241894 50.90039243664275
  4.426604305213516 50.90039661630995
  4.426752085066217 50.9003479999029
  4.426904925045646 50.90025209521101
  4.427035030257701 50.9002207641656
  4.427165274033361 50.90018939982501
  4.427383202258631 50.900081417397296
  4.427685758071661 50.900008448754996
  4.427812636174431 50.89995633791821
  4.427824452354823 50.89985708916883
  4.427786279145904 50.89979822888178
  4.427414669504584 50.89960818335812
  4.427233655445691 50.899515612197796
  4.427177804503124 50.89953002333675
  4.426987147688416 50.89950396079645
  4.426825155888288 50.89932955740441
  4.426516494467013 50.899060028633656
  4.426351237647065 50.89888499909288
  4.426252547205418 50.89873950924699
  4.426146197840058 50.898608946912894
  4.425954766086109 50.8985279572337
  4.425910986548403 50.898509436233894
  4.42597761605947 50.898468790079676
  4.42616540191705 50.89834405844257
  4.426227663540632 50.89829741802805
  4.426337149776299 50.89820316507884
  4.426447333785405 50.89809820496319
  4.426520540726933 50.89802363001209
  4.426641561298946 50.897904947232476
  4.426680224854663 50.89787188296267
  4.426757914625695 50.89781544116243
  4.427014954079937 50.89770570950278
  4.427301578546158 50.89762611346724
  4.42737040091552 50.89761159934254
  4.427749946760787 50.89754701425282
  4.42789385785289 50.897523532648954
  4.428211098750572 50.89747239859106
  4.428251864165968 50.89746418225813
  4.428429774578696 50.89742182786711
  4.428577737323904 50.897377020519436
  4.428684129219257 50.89734005737817
  4.429091958454843 50.897138364488484
  4.429193489806222 50.89708385756617
  4.429273065473608 50.89703935820058
  4.429310451117613 50.89701892201071
  4.429460089420313 50.89692766271422
  4.429640826807778 50.89681543661311
  4.429849173667218 50.896684352510185
  4.43005006705534 50.89655770193738
  4.430244193664883 50.89642618882379
  4.430340208859536 50.896359951588394
  4.430435906216162 50.896293967583134
  4.431244672156216 50.89574374412029
  4.431369634177081 50.89566297797637
  4.431228016933234 50.895255478172196
  4.43162281929115 50.89516601267482
  4.432382152488164 50.89492895088982
  4.432789116591484 50.89472851117637
  4.432750138160685 50.89469832686223
  4.432499569139715 50.894504286579284
  4.432247225214132 50.89429118201634
  4.431839655434435 50.89392753359761
  4.43193086109298 50.89386978217189
  4.431962196442532 50.89384993955059
  4.431773031594087 50.89371840453594
  4.431747165033739 50.89370038943949
  4.431720503176481 50.893681930332804
  4.431693337161347 50.89366376778368
  4.431665672043948 50.89364590898058
  4.431637515400809 50.893628359672206
  4.431608879852249 50.89361112416635
  4.431579770451805 50.89359420821308
  4.431550199819711 50.89357761612023
  4.431520173011351 50.89356135507613
  4.43148970516588 50.89354542651065
  4.431458796296695 50.89352984049151
  4.431427464063808 50.893514597008846
  4.43139571351855 50.89349970037452
  4.431363557288653 50.89348516064951
  4.431331002940492 50.893470976391086
  4.431298060576868 50.89345715622334
  4.431264742813748 50.89344370157743
  4.431231057227075 50.893430618202174
  4.431197013911791 50.89341790896845
  4.431162628012412 50.893405579621
  4.431127902051275 50.89339363015826
  4.431092853697645 50.89338206776182
  4.431057488000529 50.8933708953054
  4.431021822623324 50.89336011565584
  4.430985623384174 50.893350062624684
  4.430340026016147 50.89316872901639
  4.430044601145858 50.89308574135277
  4.42931578408317 50.892881000223326
  4.429257364331223 50.89282843768287
  4.429133836068169 50.89272443067751
  4.428969865953047 50.89258840775295
  4.427998898210169 50.89179560096666
  4.427913809186369 50.89172241600828
  4.427839472421367 50.8916570340648
  4.427781105020443 50.89160743221392
  4.427691666379428 50.8915255044148
  4.4276116065674 50.89145258276379
  4.427559450761615 50.89140498120664
  4.427519476390816 50.89136840956434
  4.427461996133228 50.89131557091739
  4.427443479886167 50.891298355154376
  4.42740986211115 50.89126699986403
  4.427392573163342 50.89125072843814
  4.427357227081258 50.891217156140726
  4.427331536076096 50.8911918851649
  4.427307009629416 50.891167830400974
  4.427287532435504 50.891148703591305
  4.427262242993006 50.891123724373045
  4.427228614860559 50.89108995987497
  4.427195855506533 50.89105690976655
  4.427149765724963 50.89100966310443
  4.427132216965044 50.890991264517844
  4.427086466674588 50.890943055433645
  4.427036799279033 50.89088932808692
  4.427212226965776 50.88986010417968
  4.427332966641342 50.88954489343994
  4.427499803444822 50.88926721335894
  4.428328159845909 50.88844216464486
  4.428709780202823 50.88812998527983
  4.42958363271116 50.88737050790414
  4.429909040764747 50.887063738999046
  4.430016877522964 50.88691481890386
  4.430159885096769 50.88667418521268
  4.430411507382692 50.88637594561856
  4.430520893963543 50.88625103241456
  4.430947050357273 50.88587748527723
  4.431113735639474 50.8856741473323
  4.431456140776743 50.88533732868663
  4.431766179218142 50.88479115655991
  4.43206518721463 50.88437985384491
  4.432375183115469 50.88405557051532
  4.433383020845683 50.88283867040889
  4.434049192529531 50.88204413893818
  4.435059194148831 50.88094612600202
  4.435534227506675 50.88042697539661
  4.436431617378639 50.879530229929344
  4.436759810001417 50.87912396618712
  4.437064883865965 50.87878085685861
  4.437024043812348 50.87877596184409
  4.433654249079593 50.87837201836915
  4.429743067575212 50.87781912987855
  4.428984130583125 50.8777094596316
  4.428329438426972 50.87762951551061
  4.427336447927421 50.87747404227285
  4.427254120834863 50.87720955849043
  4.427230536167202 50.876976277933615
  4.428804678787456 50.876292910689784
  4.427564056163345 50.87499879771188
  4.425719251605714 50.87213119620346
  4.42588208517063 50.87205892576439
  4.424900686814592 50.87121762002747
  4.424862433791028 50.87118309747675
  4.424742227335938 50.871074627733684
  4.421672219314916 50.868304129175755
  4.421029361447817 50.86783130079266
  4.420867853436389 50.86771250558391
  4.42090917853878 50.86767670604671
  4.421043385707713 50.8675558760659
  4.42120104339591 50.86741613586458
  4.421366680186927 50.8672537599504
  4.421487270799651 50.867121217686844
  4.421586756944722 50.86700940815259
  4.421620987943657 50.86695366217608
  4.421732690378767 50.86678487243463
  4.421928190257782 50.866719763854846
  4.422054679261805 50.86667819453175
  4.422101299231547 50.86666354541432
  4.422135798639054 50.866653356323845
  4.422273131939475 50.866620441856405
  4.423512870468906 50.86554485764267
  4.424060351947742 50.8650698473033
  4.425406154209925 50.86385862492461
  4.426639047561187 50.86285853895757
  4.426692154550673 50.86286411467127
  4.426915995313053 50.86288761255492
  4.428118688322617 50.863016500415725
  4.428216603586826 50.863026108545036
  4.428220058146793 50.863026449092956
  4.42832461969445 50.86302835154294
  4.428415412337483 50.86303000496316
  4.428504006397119 50.8630316177346
  4.428592358416594 50.863033226249044
  4.428676023309957 50.863034747943004
  4.428783107154185 50.86301010743945
  4.428907907513907 50.86298138721765
  4.428987003449601 50.862963184557394
  4.429007696778206 50.862958423052724
  4.429023540656345 50.86295477732071
  4.42915729992554 50.862925033850075
  4.429380908006319 50.86287531255957
  4.429680347761113 50.86280872849751
  4.429853675660962 50.86277018827808
  4.431015582440964 50.86248880410895
  4.429787532243866 50.861243391426584
  4.429757495455276 50.86121292785939
  4.437371687446595 50.858505231462665
  4.437396560294163 50.858532913012525
  4.4391180321106 50.86044874299222
  4.440510011234324 50.85991262624555
  4.441019646674348 50.85971565504637
  4.44117750649796 50.85965395219829
  4.441287117475812 50.859611597302816
  4.441408751735226 50.859564704088015
  4.441589124294509 50.85949532756522
  4.441761006441885 50.85942984818461
  4.441907354492818 50.85937380560568
  4.442103822542744 50.85929962568034
  4.442250284405146 50.85924432908609
  4.442345864813912 50.85920421145932
  4.442382162011396 50.859190866772956
  4.442527939574993 50.859135299859744
  4.442600997021385 50.85910664820292
  4.442674522000455 50.859078770017874
  4.442821080914862 50.85902194515159
  4.442893583505786 50.8589933742108
  4.442967680267664 50.858965406300506
  4.443040257843766 50.858938121076655
  4.443113400517418 50.85890955102842
  4.443407759415816 50.85879631920004
  4.443485916489054 50.85876806931902
  4.443556767136941 50.858738007492285
  4.443630992251971 50.85871039865737
  4.443706735069958 50.858681305890926
  4.443781664732399 50.85865297590858
  4.443929540907896 50.858597037679274
  4.444040509428953 50.8585538249567
  4.444679730999723 50.85828603454608
  4.444818621484213 50.858227854404255
  4.444935401780411 50.85817695928508
  4.444956142369436 50.85816791736984
  4.445012353285109 50.85814341472206
  4.444475900272729 50.857628659046064
  4.444348507856561 50.85748250094221
  4.444688220293474 50.8573697929755
  4.444845943757136 50.857328060597624
  4.444983333119879 50.85729875402992
  4.445349319090697 50.857229313104945
  4.445492181572155 50.85718668781998
  4.44556497218534 50.857161201651955
  4.445650773073564 50.85712183137575
  4.445723555738812 50.857084020162524
  4.445933437758568 50.85696147149112
  4.445961725767646 50.85694359023149
  4.446045829497918 50.85688152556104
  4.446101147026766 50.85680456461783
  4.446159306066222 50.856709768041746
  4.446232035876921 50.8565650247375
  4.446325728745947 50.85624295864275
  4.446058256825991 50.85601515604338
  4.446043136661811 50.85596811149024
  4.44600882666683 50.85586426033267
  4.445973815651946 50.855757144643455
  4.445950636121021 50.85562319931066
  4.44594884711185 50.855561315379425
  4.445955096153503 50.85549733047897
  4.445958420305846 50.85547247843122
  4.446016464841706 50.85540065767685
  4.4461174281828 50.85528880436876
  4.446187024151005 50.85521631708889
  4.446292055470315 50.85511515769577
  4.448114019235017 50.85416958541135
  4.448423244115896 50.85421399928718
  4.448863065641191 50.85404230409285
  4.449009982312734 50.85398711371377
  4.449263064570969 50.8539063137754
  4.449398743254628 50.853861600216064
  4.449542819889008 50.85381195873519
  4.449636182412894 50.85378055717032
  4.449693919673662 50.853761217627735
  4.449767935491336 50.85373580707709
  4.449891446962466 50.85369337971822
  4.449972560257058 50.85366608564059
  4.450112532821954 50.85361697274727
  4.450129880903395 50.853611341095075
  4.45019673038718 50.853590622771
  4.450236480628695 50.85357936740511
  4.450345710561863 50.85355096455994
  4.450378053904701 50.8535435330811
  4.450428792703784 50.853532672667825
  4.450526321175607 50.85351724432521
  4.450563980557711 50.85351258933038
  4.450635078549346 50.85350700464795
  4.450729198968149 50.853500242975656
  4.450832703181854 50.85349582050683
  4.450952020816275 50.85349327528764
  4.451065723004361 50.853494033426976
  4.451157533781149 50.85349694143281
  4.451215223747487 50.85349986349107
  4.45133018277988 50.853507154771314
  4.451421663622891 50.8535116205053
  4.451579816318785 50.85352064853315
  4.45162600400408 50.853523482210925
  4.451739925681768 50.85352995973944
  4.451795098198376 50.853533275969745
  4.45192331038669 50.85354135116025
  4.451965602007612 50.85354331874427
  4.452006896231159 50.85354433198228
  4.452075764822126 50.85354527511856
  4.452116316172646 50.85354529497088
  4.452247866612858 50.853543903268424
  4.452419100408463 50.85354065478224
  4.453045104890822 50.853530238243344
  4.45316528121825 50.85352722125841
  4.453312961253132 50.85351993824382
  4.453349492743278 50.853517595992976
  4.453544885946443 50.853499496337854
  4.453599986534206 50.853493710081885
  4.453676572099138 50.853484133968834
  4.453789311659468 50.85345878178331
  4.453874138893243 50.85343619134999
  4.453956617059948 50.853411032297075
  4.45407302886991 50.85337458050872
  4.454128300905979 50.85335791730111
  4.45421046547718 50.85333097334369
  4.454285561884574 50.85330269832464
  4.454399002214673 50.85325855194383
  4.454412612237578 50.85325337547935
  4.454488379307375 50.85322668486489
  4.454506514338852 50.85322167765385
  4.454599808700687 50.853198131162166
  4.45460323768573 50.8531971908476
  4.454644403388678 50.8531874100964
  4.454719348894417 50.85317189137227
  4.454774312871149 50.85316202558831
  4.45483849775273 50.85315221336698
  4.455028194317277 50.85312445569248
  4.455139762228172 50.853107028219
  4.455211535872444 50.85309532020666
  4.455219483574068 50.85309388029622
  4.455351845527113 50.85307005390274
  4.455494207318548 50.85304094702407
  4.455597534244368 50.85301925919854
  4.455702690455471 50.85299316002474
  4.455809711397189 50.852962750153566
  4.455860954770001 50.852947727387374
  4.455953356961007 50.85292087666222
  4.456088243614377 50.85288348418251
  4.456135134756013 50.8528704566359
  4.456284009353973 50.85283617602057
  4.456333597966712 50.85282739372589
  4.456408517348293 50.85281735250244
  4.456466127147565 50.8528141045206
  4.456551842812365 50.85281216431924
  4.456601425075827 50.85281343289958
  4.456656220405295 50.852816161731994
  4.456739280882426 50.852820438381876
  4.456842959822881 50.85282553215682
  4.456905721512282 50.85282739328898
  4.456951544733701 50.85282829923496
  4.456971105710978 50.852828431118844
  4.457143711486791 50.85282842961228
  4.457225841491037 50.852827182035256
  4.457386177107852 50.85282222873081
  4.457455979678024 50.85281905871491
  4.457513158177043 50.85281571130333
  4.457866482982763 50.85277041902314
  4.457945181001237 50.85275932682742
  4.458026564452243 50.85274871291833
  4.458073643185174 50.852741853408716
  4.458132013010157 50.85273281047007
  4.458178828116388 50.85272519887897
  4.458216844805308 50.852718308877115
  4.458299781924587 50.85270430058589
  4.458350311589672 50.852694905427725
  4.458428054601659 50.85268018188325
  4.45850852593857 50.8526646536006
  4.458533900643524 50.85266009181576
  4.458664774632769 50.852633455224684
  4.45867894057978 50.85263063380355
  4.458692641704396 50.85262728775282
  4.458772675325703 50.8526096985133
  4.458837296406142 50.85259293667527
  4.458941018894039 50.85256724130915
  4.458989270546379 50.852553137139964
  4.45904998995318 50.85253403949933
  4.459102508376819 50.85251306686912
  4.459117577465641 50.852506752451326
  4.459190507927701 50.85247383018791
  4.459288401847777 50.85243111076266
  4.459302070667703 50.85242545903754
  4.459323920653832 50.85241669992648
  4.459370838883338 50.85239755532287
  4.4594036052276 50.852384534584424
  4.459435038487843 50.85237300497549
  4.45946245714728 50.852363218854435
  4.459498750314214 50.8523504197191
  4.459539217019876 50.852337262052544
  4.459568762531611 50.85232848107238
  4.459620954269806 50.85231473027184
  4.459653959086254 50.852307732964256
  4.459675812478013 50.852303369292834
  4.459724452690396 50.852293586670264
  4.459759275644173 50.85228697625877
  4.459831223449749 50.85227403407649
  4.459885351326962 50.852264354967666
  4.459892452401133 50.85226322464177
  4.460010545805744 50.852244901413904
  4.460085407715002 50.85223212795128
  4.46013170954259 50.85222412475846
  4.460257015587912 50.852202542138905
  4.460292085067024 50.8521957487085
  4.460312111840872 50.85219188689021
  4.460342781575645 50.8521845100698
  4.460351755729155 50.85218221751756
  4.460435716019695 50.85215992074145
  4.460491254133707 50.852144561751246
  4.460509987609281 50.85213934026664
  4.460606001655121 50.85211066354447
  4.460619373430225 50.85210661994223
  4.460684796996009 50.852085888122446
  4.460716616359853 50.852076121245226
  4.460766814991929 50.85205922589994
  4.460791365417574 50.85205109724122
  4.460890419587461 50.8520163165246
  4.460897565603529 50.85201372332978
  4.460915577208353 50.85200678931126
  4.460954619136101 50.85199112672741
  4.46096315714146 50.851987555806346
  4.461031490631671 50.85195860723672
  4.461092935918741 50.85193263853804
  4.461171327729235 50.85189912243107
  4.461231513923913 50.8518738565593
  4.461270214922354 50.85185797983065
  4.4612862939593 50.85185149604662
  4.461295358368869 50.851847742016055
  4.461295446049999 50.85184238563902
  4.461309012790831 50.85101804279979
  4.460975564589162 50.85095631575939
  4.461220423321508 50.850122729297844
  4.461471162369399 50.849520523172906
  4.461495219453959 50.84946274387976
  4.461775210473609 50.84879026458822
  4.462485273333813 50.84894275128936
  4.462519500762777 50.848874511300224
  4.462804190403452 50.84861895359456
  4.463031697278528 50.8483071484291
  4.463645637904672 50.84728550103047
  4.463840713937399 50.84681341230311
  4.463989081558048 50.8463884463482
  4.464301505835928 50.84583915504873
  4.464730758504204 50.84508726067745
  4.465195182281938 50.84427292799893
  4.465236482596487 50.844280685187385
  4.467075909595465 50.84462610062906
  4.467039632875336 50.844323292117
  4.46707197254041 50.844098194413874
  4.467250271500427 50.84338231628684
  4.467178117776386 50.84274986396297
  4.467043880539776 50.84197888272351
  4.46696007853948 50.84140859420674
  4.466811745914684 50.840153833395924
  4.467012283352617 50.83973511152711
  4.467257377464075 50.83942235621598
  4.467628258947199 50.83895177252566
  4.467813659318536 50.838670852221874
  4.467967662585495 50.83825996384104
  4.468059076136981 50.83786683584037
  4.468114640803909 50.83753319587385
  4.468165336809404 50.8373856248569
  4.467722508899133 50.83704753351226
  4.467081861018146 50.83655840066343
  4.465741790800107 50.83553521115794
  4.466620345369464 50.83432636978423
  4.468396404998189 50.83188037077161
  4.469582737732329 50.830247160649904
  4.470176488197641 50.82943008641813
  4.470769890626572 50.82861306394122
  4.471363373489519 50.827796164763505
  4.471956129727229 50.82698013321626
  4.472549626399939 50.82616304639277
  4.473142721277907 50.825346740616276
  4.473735895284746 50.82452996411095
  4.474329929249788 50.823712678770846
  4.474922494003456 50.82289535560217
  4.475514160477462 50.82207977476038
  4.476107705748707 50.82126308292376
  4.476732115274875 50.82040481875566
  4.454655678714395 50.818421931902655
  4.45468044105355 50.8183901149183
  4.454851419385506 50.818170420997376
  4.45497592608941 50.81798759126613
  4.455076818937993 50.81785714867494
  4.455144560932088 50.817782512105495
  4.455208474384047 50.8177216302559
  4.455350990568923 50.81762700982417
  4.455545684605337 50.81751399426073
  4.456403627701309 50.81710242149458
  4.456525306716889 50.81703193187521
  4.457555831344392 50.816323818255974
  4.456783325700437 50.81587345158751
  4.456043750904995 50.81553031172249
  4.455215077509083 50.815157003961495
  4.454194122230376 50.815050910512596
  4.453473655647818 50.814621743697344
  4.453061070016332 50.81425479918888
  4.452726059452345 50.8140208000844
  4.452021674888185 50.81372243214348
  4.451751295639773 50.813440300340766
  4.450583939502386 50.81314054465817
  4.449546706257894 50.81247216796627
  4.448421942119019 50.811746750158605
  4.448115438500805 50.811543479899264
  4.447918164163807 50.81141573917591
  4.447811898473839 50.811341222278124
  4.447802616884895 50.811334714367334
  4.44791048270611 50.81127919448837
  4.448029016750192 50.81120155855793
  4.448106507856014 50.81110383396845
  4.448182914428486 50.81099944912907
  4.448401325017969 50.81082025976463
  4.448461774008021 50.810733831801535
  4.448670967765241 50.81048729811721
  4.448915825404971 50.810167533840264
  4.449166462922892 50.80999586053037
  4.449530359046157 50.80973115401574
  4.449710892037689 50.809656433329664
  4.450142612965275 50.80948717745908
  4.450516920212736 50.80936875672178
  4.451110117882494 50.80916473255678
  4.451602652415144 50.809005193040434
  4.451942607401429 50.80893231128235
  4.452139533152245 50.80893938774264
  4.45257594443691 50.80898679499406
  4.452752491561992 50.80903424630976
  4.452875480628222 50.80909830721944
  4.453013085674215 50.809205055892534
  4.45392519077237 50.80986882968744
  4.454011097567712 50.809949493393624
  4.454100141531034 50.81002543698609
  4.454287200942266 50.81017319365101
  4.454551691306575 50.81032944380763
  4.454870219696071 50.810487353461895
  4.455121211047799 50.81054219373917
  4.45530740932111 50.8105323896467
  4.456076271062579 50.81051371327272
  4.45657829982997 50.810526786496276
  4.456842596706274 50.810550058798896
  4.457149491238013 50.8105908098857
  4.457623172750617 50.81065774864214
  4.457839552863786 50.81065758308269
  4.457842625845313 50.81064859112195
  4.457890593810053 50.810508257526436
  4.457893983622343 50.810477914644814
  4.457887025904495 50.81042686044773
  4.457857251290323 50.81038775186442
  4.457820128373587 50.810369996701816
  4.457749221492149 50.810339467624225
  4.457727179711881 50.8103194211251
  4.457697327959194 50.81029391491414
  4.457627194436769 50.81022502615558
  4.457598257333922 50.8102023484291
  4.457588754266507 50.81020048009736
  4.457393581130757 50.81016866054876
  4.457349374988651 50.81016059352161
  4.456572386774472 50.8100369868123
  4.456186175532174 50.81007112481531
  4.455909397585197 50.8101016513241
  4.45569439171704 50.81012839995758
  4.455558630961059 50.8101432673651
  4.455323346432286 50.810174142661566
  4.455255931656389 50.8101855485108
  4.455175335026798 50.810185874540736
  4.454988689289301 50.81015177639141
  4.45482671240481 50.81009753159278
  4.454724127646561 50.810035006746475
  4.454510348079287 50.80989054270365
  4.453946702268222 50.80938418916232
  4.453519024175353 50.80898156593437
  4.453311812328435 50.80879480775407
  4.453208969102533 50.80870923670473
  4.453018471727878 50.808585429083735
  4.45281990764743 50.808498541923456
  4.45178618810193 50.808349883425066
  4.451607292713009 50.80833380534605
  4.451582453071157 50.808334451605496
  4.451443151372006 50.80835555484988
  4.451372091318473 50.80837099847934
  4.451240612772283 50.808415694728716
  4.451042463125259 50.808478696317266
  4.450781530737358 50.80855314935848
  4.450249637477437 50.808683047340054
  4.449150429958604 50.80862926988035
  4.44767920282358 50.80838189930926
  4.447176094547027 50.80829730331765
  4.451296684620449 50.80656442313336
  4.45366317656021 50.805569042042244
  4.459568549742737 50.803084820193796
  4.464288886919173 50.80109877119855
  4.465491161002342 50.8005927933958
  4.471389331313389 50.79811058378427
  4.47611059002063 50.79612118764065
  4.480492607822732 50.7942782773823
  4.480608976558011 50.7942293324333
  4.480549050424345 50.79417654091796
  4.480242515923218 50.79391461611026
  4.480726567041624 50.793735949403036
  4.480836737044823 50.793686391692525
  4.481673828390671 50.793281695830935
  4.481633582934779 50.793237748847034
  4.481729292166235 50.793202560421406
  4.482008621537816 50.79309981565952
  4.482271154027366 50.7929892476271
  4.480104985056409 50.792402768842415
  4.479530876553934 50.79224954022843
  4.477606082425234 50.79173016164651
  4.477319534578652 50.791652022198065
  4.476863815178532 50.7915287832107
  4.476128368785435 50.79133062285916
  4.474816219415102 50.79097995358371
  4.474600624267993 50.790922157227
  4.473925239752938 50.79073883252135
  4.472477015054634 50.790349943836965
  4.471316211841436 50.790043527922904
  4.470273276591135 50.78976206231422
  4.467856029371865 50.78910965048879
  4.465827043615488 50.788563558927315
  4.464907323694976 50.7883153280307
  4.464631323650741 50.7882415343068
  4.463730465834328 50.787999687876585
  4.463547026985575 50.78795131064087
  4.463447199506155 50.787923308271395
  4.463371133796334 50.78789727427927
  4.463295156706951 50.78786523363347
  4.462543500668368 50.78753163403097
  4.462027616026404 50.7873026860435
  4.456957187561628 50.78503377038252
  4.453760864771099 50.78358679225567
  4.453035863538712 50.78330887371568
  4.451643550649955 50.782685175401255
  4.451439124883446 50.782593597684276
  4.434594953565429 50.77648247057454
  4.433164536492934 50.77812712629091
  4.430037129542983 50.77707937055369
  4.429471827892967 50.776886119766445
  4.425319405370861 50.775494924709314
  4.416501548200515 50.77329356692833
  4.412613130014175 50.77232255719005
  4.410971650331762 50.77191259729151
  4.406713924595897 50.77058525951029
  4.404790696461999 50.770018929359054
  4.404091083595668 50.769799103391655
  4.398008599053874 50.76800970651011
  4.392118826208698 50.766306021665244
  4.382929213661225 50.76368008501285
  4.38282494464671 50.76395793632574
  4.382731877824336 50.76427558248413
  4.382687334396134 50.76448403134268
  4.382670005741753 50.764683317348016
  4.382669433562505 50.76493952407657
  4.382668708735678 50.76516597559845
  4.382668099101704 50.76521221009416
  4.382664837306027 50.76533871364687
  4.382662338143636 50.76546616065983
  4.382661497695435 50.76577429046963
  4.38266206569602 50.76586966325764
  4.38266216111005 50.76608816772532
  4.382661376135861 50.76615322595358
  4.382660866567523 50.766197662484416
  4.382659851380241 50.76672951216945
  4.382659258024921 50.76700695172566
  4.382656379879967 50.76727583478954
  4.382660391643586 50.76732792853152
  4.382660604222201 50.76755915225215
  4.38265806732237 50.767784453168076
  4.382652042908296 50.76800950135574
  4.382657426776103 50.7681451459061
  4.382654726423183 50.76830595542565
  4.382652650081886 50.768734817537535
  4.382253926918944 50.76864401592666
  4.382167593488818 50.76862735873742
  4.382066131354565 50.76861459691288
  4.381939579707437 50.76860006736533
  4.381797547836822 50.768583363271475
  4.381789437820806 50.76858233004748
  4.381615116152916 50.76858480561902
  4.381111257041717 50.768584907438324
  4.381075601300078 50.76899041008171
  4.381048117267163 50.769303073368725
  4.381045503504979 50.769332667741
  4.380289242666437 50.76949875360384
  4.379904625266152 50.769584436889254
  4.379472092615272 50.76968359374818
  4.378508065558737 50.76989804120504
  4.377019813537882 50.7702231872846
  4.374196464583269 50.77085681899683
  4.368695659536244 50.77205600573548
  4.367957882403767 50.77221936804538
  4.36589672973314 50.77268349362743
  4.364953458759391 50.77289039343404
  4.364844294352523 50.77291433613729
  4.364386751344102 50.77301469073747
  4.363563176593027 50.7732002767457
  4.36309905717089 50.77330485768017
  4.363134933980158 50.773163125618666
  4.363153729505797 50.773088868707404
  4.363159338445632 50.77306670972046
  4.363480011629961 50.77300797617798
  4.363893143946422 50.772993471476944
  4.364064290909496 50.772944887102625
  4.364214689063022 50.772902191841354
  4.364232841625742 50.772759529670836
  4.36424472061493 50.77258631241249
  4.364246899968095 50.7725535684388
  4.364247343393318 50.7725469491651
  4.364273528570629 50.77242950583383
  4.364258825406145 50.772395931382725
  4.364243503342544 50.772360940134156
  4.364188555439132 50.77223546095396
  4.364163257864863 50.77217769308355
  4.364160668986574 50.772171784253615
  4.364145935366727 50.772143252641854
  4.364097746791917 50.77204994234709
  4.364075342050401 50.77200655949641
  4.364057159142339 50.77197135093158
  4.364016808128062 50.77189322121915
  4.364002992825718 50.771868563097144
  4.363984392132935 50.77183536244267
  4.363969588083505 50.77180893798742
  4.363910047491184 50.771702666232486
  4.363889255521817 50.77166555460834
  4.363869510226078 50.771630309996816
  4.363863559973919 50.771619689002286
  4.363774976570696 50.77145261560535
  4.363772259375383 50.771447492100535
  4.363729549170179 50.77136693713276
  4.363457995470289 50.771488769456035
  4.362511221818975 50.771913532299656
  4.362901603533326 50.772342313806696
  4.361161865063837 50.772627959671624
  4.360539347602825 50.77273016501453
  4.360365264385317 50.77275874522493
  4.356319358369564 50.77343384128817
  4.356220970723951 50.77345025589765
  4.356203747859133 50.77345107832908
  4.356101898849701 50.77345222008753
  4.35604052000052 50.77345163846139
  4.355947317495088 50.773452976588445
  4.355799974538741 50.773459318756686
  4.355733513653482 50.77346368292292
  4.355696520522106 50.773468050167395
  4.355657020255152 50.77347519746509
  4.355623785757508 50.77348314082285
  4.355550425067805 50.773504987296036
  4.355459747425927 50.77353090239093
  4.355411389645212 50.77354542882562
  4.355372006576181 50.773556166161235
  4.355320162116118 50.773566269254104
  4.355275795774864 50.7735700544695
  4.355210993453689 50.77357289099255
  4.355158155709569 50.773570990874205
  4.355116350240463 50.77356880428237
  4.355071329512425 50.773563783769475
  4.35503076389491 50.77355531313361
  4.354980803376354 50.77354119878749
  4.354948090751694 50.77352703601088
  4.354882802040474 50.77350559151178
  4.35484465147454 50.77350010278266
  4.354799418326061 50.773499100891044
  4.35476355062936 50.773501025649935
  4.354752443734913 50.773507183402515
  4.354739215125761 50.773514516044564
  4.354710616390665 50.77353802837064
  4.354680802498222 50.77356925154487
  4.354658895860207 50.773598546789486
  4.354641858696718 50.77360972513207
  4.354618743385622 50.77361511916928
  4.354457544271805 50.77361201672739
  4.354385156970051 50.773606997082716
  4.354345013872714 50.77359966830863
  4.354308518502313 50.77358771277748
  4.354276284771516 50.77357151748109
  4.35423188711911 50.773544527361366
  4.354200870126278 50.77351560998213
  4.354184938355732 50.77350719230915
  4.354168234156781 50.77349836748927
  4.354074892504329 50.77351864861721
  4.353997970438276 50.77349772004033
  4.353970482200975 50.77349234737469
  4.353936526355063 50.77350476631192
  4.353870727375168 50.77355818011177
  4.353789692008393 50.773575144229696
  4.353735222353652 50.77360230369297
  4.353584298468857 50.77358976573005
  4.353402725787222 50.77356369318107
  4.35324367099747 50.77353648402927
  4.353123650238326 50.77352206514099
  4.353001173993285 50.773513919896466
  4.35286472535431 50.7735479393793
  4.352749906895386 50.77360106138278
  4.352566437613731 50.77365023025198
  4.352364332820526 50.773648483063546
  4.35230061262025 50.77365787412007
  4.352286353465145 50.773690374593194
  4.352184469819095 50.773710319365016
  4.352160412432233 50.77372488946156
  4.352107334805068 50.77378466293981
  4.352065913777324 50.77380625842693
  4.351952231598442 50.773843616923976
  4.351909778325592 50.77387360786169
  4.351672183283354 50.773978413287544
  4.351497259895678 50.774063431103684
  4.351421894110354 50.77408998098437
  4.351343978446647 50.77411108486009
  4.351237440710684 50.774137446058035
  4.351041254875358 50.77418529892852
  4.350941187149176 50.774210500048575
  4.350754925753654 50.77425163391936
  4.350530575023267 50.774297314173474
  4.35050573902483 50.774305670140706
  4.350441703791629 50.77433984146413
  4.350411821416809 50.77435016575259
  4.350380388836888 50.77435384893878
  4.350347021038417 50.77435089240155
  4.350310161999006 50.77434350952355
  4.350291147178108 50.774350393457524
  4.350282059223038 50.77435928395566
  4.350260450101262 50.774372211436045
  4.350236442520798 50.77437905288975
  4.350184834132446 50.77438513067902
  4.350126013715728 50.77441022088544
  4.35009300167712 50.774431132304834
  4.35005698377144 50.77446155074386
  4.35001677074822 50.774485503143474
  4.349907061235205 50.77452981755843
  4.34982881132205 50.77454613210613
  4.349758195605518 50.7745582161705
  4.349679950315819 50.774562436975756
  4.349609337235199 50.77456121621679
  4.349540407546606 50.77455401502378
  4.349451584085207 50.77454223811648
  4.34936872414979 50.77453214208636
  4.349341561787509 50.77449180786116
  4.349316381997318 50.77446533819904
  4.349271301317719 50.77447121238486
  4.349193734909312 50.77448968414259
  4.34908132204965 50.77452107090015
  4.349016839921117 50.774543157795065
  4.348991175259616 50.77455232741173
  4.348929329393545 50.77456440808931
  4.348905636298947 50.77457691210375
  4.348882600758835 50.774606093884806
  4.348866233031663 50.77466228608311
  4.348855762638738 50.77468482618081
  4.348810249102733 50.774702386708164
  4.348756372355743 50.774703371737026
  4.348714529713434 50.774698061635746
  4.348653860691412 50.774681146672755
  4.348614638502816 50.77466191374605
  4.348571755077774 50.77464201711758
  4.348547168634658 50.774642013022465
  4.348494857614472 50.774660235373496
  4.348464514382735 50.77466984422752
  4.348422143525704 50.77467613566107
  4.34836669607244 50.77467811414677
  4.348334174292426 50.77467980448606
  4.348255987081144 50.77468875076626
  4.348147857703745 50.774704808859404
  4.348030988398322 50.77472666334493
  4.347964787307601 50.774741443988006
  4.347874614021267 50.77476722239883
  4.347826696322693 50.77477407073996
  4.347802479166682 50.77478124823166
  4.34778392474704 50.77479300065069
  4.347755058900235 50.77482499317196
  4.347742457740867 50.77485033470461
  4.347734713401984 50.774893351517825
  4.347726715070245 50.77496505328976
  4.347711559402653 50.77500241753774
  4.347674089285916 50.77505189599436
  4.347658881383973 50.77506445876616
  4.347595511752736 50.77511181974572
  4.347578398381485 50.7751310863205
  4.347562547569061 50.77516360175019
  4.347554289382316 50.77521298027744
  4.347542869548719 50.77525272274705
  4.347523118380911 50.77529591147745
  4.347495157335141 50.77532368972575
  4.347467744476563 50.775346607881154
  4.347408538561023 50.775389661632225
  4.347366586718913 50.775414178081
  4.347286838772657 50.7754495070783
  4.347234546991909 50.7754666170222
  4.34717833355668 50.775479859960456
  4.347141732514403 50.77548565285127
  4.347095979560486 50.77548950951252
  4.347047585536862 50.77549037247708
  4.346956347242585 50.77548487595644
  4.346914836676994 50.77548431901753
  4.346873752004723 50.77549362921714
  4.346832233230423 50.77550567937902
  4.346803690328831 50.77551115574967
  4.346763476767569 50.77550840694826
  4.346706832242216 50.77550072447619
  4.346615003577056 50.77548197750822
  4.3465503186762 50.77547428054229
  4.346498434015985 50.77547000053982
  4.346371960118087 50.77546171386375
  4.346285022897807 50.77545594720696
  4.346252065792863 50.77545079465918
  4.346192359834493 50.77544079418709
  4.346148412198858 50.77543715270034
  4.346110674867794 50.775440171918866
  4.346084398798499 50.7754468279857
  4.3460218102127 50.77547163925398
  4.345958268065893 50.77549584332526
  4.345930559873453 50.77550280114047
  4.345893774309081 50.775504610817194
  4.34585986310786 50.77550014694774
  4.345788856497748 50.77547688110788
  4.345695956153009 50.775447610251575
  4.345624357416123 50.77542621980605
  4.34555038958686 50.77541232841458
  4.345500675194191 50.7754115694663
  4.345436760899618 50.77541380671241
  4.345376421441827 50.77541852864554
  4.345295016630152 50.77543193120693
  4.345179727221208 50.77545874545572
  4.345141144701818 50.77546082351618
  4.345113855908798 50.77545903030309
  4.345084808165576 50.77545181703826
  4.345012998556603 50.77542477921806
  4.34496100731577 50.77541244088035
  4.34493407409954 50.77541433274649
  4.344889177533688 50.77542665196224
  4.344849517103111 50.7754406291773
  4.344814723865749 50.77544915743969
  4.344777312745309 50.775453890805686
  4.344735417043307 50.77545364513941
  4.344698491724703 50.77544800376335
  4.344649744227093 50.77543600394676
  4.344576402134459 50.775409305002675
  4.344525139928604 50.77538870042392
  4.344499876156334 50.77536352279099
  4.344496275197701 50.77534292778021
  4.344485455839133 50.775314092450834
  4.344468854569532 50.77529807021003
  4.344451521885498 50.77529532090745
  4.344429133195971 50.77529806219988
  4.344343899957531 50.7753277929082
  4.34424927682313 50.77536347209639
  4.344190770964768 50.7753799350373
  4.344125767803046 50.77539044904642
  4.344085325915334 50.775391812957665
  4.344035495943157 50.77538585373077
  4.344008783250317 50.77536982934986
  4.343987854395548 50.775347399743964
  4.343966927086257 50.77531215587993
  4.343953226315523 50.77526913202969
  4.343953961457744 50.77524396106655
  4.344006711434792 50.775184018634896
  4.344014666480406 50.77516388193851
  4.344005921203761 50.77513483555201
  4.343952991307381 50.775099032778265
  4.343914874535527 50.775086498338574
  4.343803340049476 50.77506902666742
  4.343754632791037 50.77505827784929
  4.343698162965722 50.775040818934045
  4.343622475509665 50.77500654167644
  4.343476320665238 50.7749419780912
  4.343429476210715 50.77492573503341
  4.343362010439447 50.77491107266985
  4.343319535824602 50.774897602189206
  4.343259573359147 50.77487066647679
  4.34320392993425 50.774842599669334
  4.343094833558091 50.77478953012615
  4.343028505263367 50.77476122506662
  4.34296713482664 50.77474195818248
  4.342920016797024 50.77472976813049
  4.342777423427111 50.774704981991334
  4.342723488211901 50.77469279038785
  4.342620194344392 50.774661095531265
  4.342525280810084 50.77463372752857
  4.342370924100788 50.7745796118166
  4.342204113807466 50.77451576703028
  4.342085234675884 50.774472595980235
  4.341970976519788 50.77444679534991
  4.341894850960799 50.774430493367156
  4.341800654231482 50.77440092138374
  4.341776868697393 50.77438644193342
  4.341640843453498 50.77427483565213
  4.341522903977005 50.77415599697213
  4.341475725370556 50.774101265688586
  4.34138983327976 50.77400188494665
  4.341346410534054 50.77395877920816
  4.341297310194005 50.77393422686919
  4.341136787317686 50.77386595330864
  4.341027251609471 50.77382343058244
  4.340989305064555 50.77379809534902
  4.340953712349946 50.77374937595436
  4.340931229770555 50.77372382565157
  4.340905932201595 50.77370540459234
  4.340837525875916 50.77366796427885
  4.340768454373978 50.773597414390785
  4.340745514532353 50.7736012551893
  4.33938355320644 50.77382925896523
  4.338827045998125 50.77392241847253
  4.337353469851902 50.77416907931916
  4.337220360119645 50.77419135889407
  4.336237897721976 50.77435579999794
  4.335661355220481 50.77445471829378
  4.335590700743023 50.77446683983232
  4.335576905794697 50.77446963359632
  4.335120961832293 50.77456195614735
  4.335052329091803 50.77457585429142
  4.335032788045161 50.77457981143453
  4.334972346167589 50.77459422820934
  4.334886727240382 50.77461465300093
  4.334148511672751 50.774790740043535
  4.333685579349857 50.77490589165256
  4.333613180449343 50.774923900087984
  4.333483613162966 50.77495571415041
  4.333448961674708 50.77496423044909
  4.333361531250009 50.77498569783035
  4.333268450077022 50.77500855435134
  4.333180946498311 50.775030034520974
  4.333080394679424 50.77505472112402
  4.332991217114361 50.77507661777294
  4.332765202074754 50.7751321219356
  4.332703147585276 50.77514735691068
  4.332651664526819 50.77515999882927
  4.332502259300414 50.7751966803701
  4.332433730860496 50.77521350117392
  4.332392947530824 50.775223511177316
  4.332352365683922 50.77523328965366
  4.331280921290123 50.775491472556084
  4.331210861861509 50.77550835401142
  4.331191396297103 50.77552106289267
  4.331182382358313 50.775526950094914
  4.331140679021367 50.775554177852435
  4.331119669967123 50.77556789595623
  4.331128841698253 50.77559185743506
  4.331122625286432 50.77563094405675
  4.331098874229663 50.77565927779772
  4.331056135721826 50.7756905857946
  4.331030748376386 50.77571627963321
  4.331019384921081 50.775740049076774
  4.33102559531225 50.775759924713775
  4.331053039317688 50.775813517655784
  4.33107017259346 50.77583869562047
  4.331085145429155 50.775865432070916
  4.331088111874565 50.7759078700645
  4.331059068389319 50.77594884665251
  4.330998660362712 50.776018775909925
  4.330942032563954 50.7760721494957
  4.330750212624797 50.77627481234117
  4.33072333162004 50.77629837400011
  4.330820363909744 50.776350247316785
  4.330854384895379 50.77637398801503
  4.33087196226902 50.7763914335815
  4.330891712688682 50.776432870059296
  4.330838468467758 50.77646480031742
  4.330756522081463 50.77656341909399
  4.330724330777398 50.77659339121951
  4.330654970850883 50.77663661448479
  4.330587940853786 50.7767276952013
  4.330562239911822 50.77679536273045
  4.330519722220558 50.7768825461341
  4.330495347222079 50.776912553781976
  4.330282532872816 50.77708717134884
  4.330267578255912 50.777094250391215
  4.33026092730788 50.7770966704239
  4.330159472400052 50.77709785591136
  4.330108659133752 50.777109677064495
  4.33007909594047 50.77713154476487
  4.330061934924132 50.777150160061126
  4.330025447151196 50.77721089112346
  4.329977865077068 50.777284988017755
  4.32995839028067 50.777307783825485
  4.329901779779349 50.77735507843535
  4.329879539889112 50.7773706902149
  4.329817393584952 50.77740741974514
  4.329801626732025 50.77741039197665
  4.329746690698155 50.777422249021896
  4.329721856388201 50.77744669569851
  4.329681840938046 50.77749956779546
  4.32965991055972 50.77752431027165
  4.329616597929349 50.777552763857
  4.329588355117915 50.777565844992665
  4.329531646159587 50.77758500672699
  4.329506787476785 50.77758980550638
  4.32942932880492 50.77760234251544
  4.329372269564369 50.777615811072934
  4.329342583434373 50.77762417388872
  4.329278115954977 50.77765789333777
  4.329126137704709 50.777756007321756
  4.329051975481643 50.77779289210345
  4.328954506959047 50.77782562661307
  4.328790256721685 50.77788976514238
  4.328749070057235 50.77791193209596
  4.328676469733838 50.777934291281014
  4.328623846975087 50.777944570707895
  4.328536784065094 50.77794773880355
  4.328483298728618 50.77795419618407
  4.328451995995994 50.77796017200688
  4.328422308537766 50.77799058159453
  4.328408921643243 50.778009157648476
  4.328340122832953 50.77807137886379
  4.328245585905772 50.778124114011334
  4.328198042433083 50.7781363396205
  4.328176975834067 50.77814431384295
  4.328146646667897 50.778159472332106
  4.328092107658086 50.778194247378956
  4.328086574853834 50.77819846560475
  4.328068005681269 50.778217239780126
  4.328060401571701 50.778227432196665
  4.328024745489775 50.778279806099775
  4.327973127154024 50.77831281148184
  4.327916295513557 50.77832939918353
  4.32785642449416 50.77833319026677
  4.32779392037144 50.77833768520474
  4.327758671313944 50.778343381883445
  4.327715551108454 50.778365332053546
  4.32770297171084 50.77837508547437
  4.327682892171875 50.778402788334105
  4.327688361329547 50.77842883439379
  4.327699911164106 50.778457519041524
  4.327704681485845 50.77846795446458
  4.327749643507213 50.778496583014515
  4.327821098092299 50.7785324253403
  4.327859477048301 50.778560375561575
  4.327854083128471 50.77857281542266
  4.32781093465526 50.77860408467557
  4.327739230110081 50.778616073092856
  4.327690724759783 50.778628129876786
  4.327615746579034 50.778659798009386
  4.327601374566778 50.77866731704456
  4.327510889042348 50.77872126551895
  4.327497911625045 50.778760500603276
  4.327485463610452 50.778792843304416
  4.327467878541963 50.778825595591
  4.327461703986407 50.7788354763411
  4.327435144365645 50.778853400455596
  4.327340186859589 50.77889474443733
  4.327318731410552 50.778912349548314
  4.327314830703781 50.7789265863999
  4.327310769733733 50.77895732967924
  4.3272857410203 50.77898299404357
  4.327266314247327 50.778994525706636
  4.327232500498319 50.779007414467024
  4.327220010039268 50.77901007105568
  4.327145287127123 50.77902206380899
  4.327119630207547 50.77902909124094
  4.32707075645401 50.77904735554885
  4.327059448629145 50.779053158201684
  4.327024713574152 50.779080565265446
  4.327012831402489 50.77909272664957
  4.326960356480559 50.779188328188305
  4.326956478549672 50.779202271611965
  4.326962679841524 50.77923689338854
  4.326960201362787 50.77929104200841
  4.326809110398604 50.77938179323249
  4.326785916471812 50.77939821530933
  4.326770103225334 50.779415799292615
  4.326760215691689 50.7794492014384
  4.326737695988272 50.779485947600314
  4.326667136243841 50.77952223809045
  4.326277297739679 50.77969062655835
  4.326040522447661 50.77977833715518
  4.325949888275436 50.77982244605676
  4.325764234356124 50.77990313806666
  4.325682684554698 50.77992018896476
  4.325536621943725 50.77994216143759
  4.325429706575169 50.77994643760888
  4.325382470001507 50.77996709665359
  4.325298729184073 50.78006020775598
  4.325272030644682 50.78010469616929
  4.325251293671915 50.78016105456279
  4.325253915381568 50.780239445473015
  4.325236256303705 50.780323582357774
  4.325208405832217 50.78038910616715
  4.325191491053809 50.78044897119782
  4.325181101704167 50.78049301679068
  4.325160606681227 50.78057355675118
  4.325144059016476 50.780686111454955
  4.325095391655623 50.78073472701725
  4.32497389545219 50.78086700891287
  4.324935437159605 50.78090349426289
  4.32491046490676 50.78091993688272
  4.324859680336428 50.78094391986386
  4.324792032361563 50.78097104369774
  4.323191708380978 50.78239596008538
  4.322718569798645 50.78265648830426
  4.322357964958012 50.78285186262093
  4.322291200038997 50.78288803542119
  4.322271393664089 50.78289876637604
  4.321868568555312 50.78317037373373
  4.321772808010626 50.783361815822325
  4.321778088360223 50.78340051518618
  4.321783788562842 50.783442276955135
  4.321784657768303 50.783479822459185
  4.321785420671705 50.78351284719764
  4.321556719162385 50.783787390175995
  4.321519912155311 50.78386702398929
  4.321601678083473 50.78392252340614
  4.321645562578076 50.783998862342436
  4.321629229757019 50.784169659496634
  4.321616303453666 50.7842143739962
  4.321614287979616 50.78422134486142
  4.321601355540138 50.78424929686878
  4.321567306785657 50.78428065800446
  4.321446861843263 50.784333558531166
  4.321420447187146 50.78437247397946
  4.321426489784191 50.784429200445864
  4.321423030173404 50.7844862841525
  4.321404424112902 50.78451423387686
  4.321356741464203 50.78455188228176
  4.321296576571002 50.784589614861005
  4.321237977178233 50.78462483092919
  4.321176526267806 50.78467228039847
  4.321159329137674 50.784713266377516
  4.321143265812857 50.78475056776509
  4.32111769534488 50.784795595011815
  4.321178449284905 50.78489467680214
  4.321173701632008 50.78496335448642
  4.321162582383701 50.78502025531773
  4.321173057009783 50.78503940821183
  4.32129240950945 50.78508746072946
  4.321291524628697 50.785124317991524
  4.321187513569242 50.7851875636329
  4.321171251214889 50.785285544439176
  4.321220711315431 50.785329343164065
  4.321228622160233 50.78536009097074
  4.32120860344495 50.7853856136035
  4.321174554624814 50.78540079178699
  4.321081093309977 50.78540974543513
  4.321024511786597 50.78540936313906
  4.320958250370398 50.78544583453559
  4.320922464841466 50.78549598244934
  4.320909790947388 50.785549016349776
  4.320917837361694 50.78558497823382
  4.320930848792722 50.78561968212413
  4.32092785061478 50.7856400881675
  4.320903017929396 50.785654012865386
  4.320871256010688 50.78565498821609
  4.320784902099695 50.785644256414045
  4.320684640741957 50.78564646403551
  4.320611025577992 50.78566361239845
  4.320578235763914 50.78569542107139
  4.3205695527826 50.785726792186765
  4.320659960197277 50.78584916155252
  4.320551585258516 50.78602387664046
  4.320515810052788 50.78606044932107
  4.320465023697035 50.78607849719156
  4.320424302206886 50.78610014643633
  4.320411523760908 50.78611650241964
  4.320404129069239 50.78613573728339
  4.320424947167267 50.78616424369341
  4.320434152016634 50.786177012753846
  4.320444604050492 50.78621845861614
  4.320429539104152 50.786250635472435
  4.320454599242903 50.786291009952066
  4.320489604324933 50.78631430667411
  4.320449150196049 50.786350158258514
  4.320390415516161 50.786374497064024
  4.320306693838683 50.78642777235795
  4.320253911292133 50.78645534836025
  4.320194034103267 50.786486607918775
  4.32009937122024 50.78656082377751
  4.320005414351725 50.78663602942975
  4.31981398391831 50.78675874946893
  4.319749844185647 50.78679764753279
  4.319712373845104 50.78682918649163
  4.319561150940916 50.78687901585517
  4.319501302432804 50.786881508162
  4.319360514896191 50.78684908693773
  4.319335386161309 50.78687802318652
  4.319335313289652 50.7869484128994
  4.319335015912531 50.78696090768134
  4.319333596598894 50.78696297399308
  4.319304342877915 50.787000898176295
  4.319252476477256 50.78710264094022
  4.319191531913228 50.787205277418664
  4.319144973280824 50.78738262320422
  4.319140650059288 50.787449144861064
  4.319141795659128 50.787574820742435
  4.319128003092845 50.787609425878465
  4.319130396082048 50.78762722639827
  4.319134780306201 50.78763765479299
  4.319203971735914 50.78765161836173
  4.319263527099894 50.787658475327575
  4.31930338912793 50.78764698516759
  4.319338013442395 50.78762758191761
  4.319359281982029 50.78762947931004
  4.319426063466593 50.787644429888545
  4.319472421013686 50.78765865278565
  4.319480993686239 50.787664481638956
  4.319516212604073 50.787688425987334
  4.319520408854583 50.78774452318207
  4.319527477442263 50.7877662810794
  4.319539739110855 50.78783928216746
  4.319453034030177 50.78789444270513
  4.319366360362628 50.78791661187308
  4.319303213082716 50.787955420916774
  4.319287292155073 50.787991282295586
  4.319293227819211 50.78801070242343
  4.319294499588199 50.788015017987675
  4.319350341804543 50.78804686460513
  4.319398384470636 50.7880798773299
  4.319413774375786 50.78814613676421
  4.31942567465024 50.788157109085674
  4.319417867385295 50.7881632188092
  4.31935170125335 50.78824131213527
  4.319330911977086 50.788323289142085
  4.319332568501421 50.78836688893833
  4.319411819224537 50.788391373742556
  4.319443711656582 50.78840720877691
  4.319580816678472 50.78843908898269
  4.319639364808751 50.78845952043633
  4.319661873217295 50.78849962359851
  4.319652481294437 50.78853144309415
  4.319591858330355 50.78859461457478
  4.31958631335239 50.78860872531818
  4.319596797299381 50.788618979300686
  4.319629966298079 50.78863472419581
  4.319674201504636 50.78864777819552
  4.319700846976396 50.78866235243951
  4.319720691203289 50.788671619255545
  4.319723086224169 50.78868771244395
  4.319707703056075 50.78875395912531
  4.319676603932558 50.78879377116884
  4.319631030255489 50.788841037913265
  4.319543079145448 50.78886518296453
  4.319525629450367 50.788869940970876
  4.319473871259896 50.78886533406996
  4.319420399122135 50.78887016629
  4.3193849231849 50.78889190651447
  4.319345893844022 50.78891993800779
  4.319321011950998 50.78898168585701
  4.31930225854254 50.78901287286838
  4.319255289879389 50.789038114952135
  4.319199377394431 50.78907288088043
  4.319173255934925 50.78909903059085
  4.319158762035533 50.789125003918926
  4.319174028810815 50.78917409379733
  4.319170137053784 50.789234682433595
  4.319155612843209 50.789289783660955
  4.319139654814085 50.789360795252804
  4.319169138930893 50.78937644955874
  4.319204711415956 50.78939794895179
  4.319211483143548 50.78943418079447
  4.319205942154249 50.78944181896883
  4.319193581830162 50.78946392835752
  4.319184208536352 50.789477319747704
  4.319178530768707 50.789480913239274
  4.319156820374005 50.78949402763089
  4.319135112213787 50.78950255945427
  4.319131139418668 50.7895030065582
  4.319102632741353 50.78950353546414
  4.31906887753993 50.78950639803922
  4.319062058824606 50.78951781132612
  4.319061037433686 50.78954379171277
  4.319056495419861 50.78954936195859
  4.319039742103089 50.78956679631177
  4.319017023608959 50.78959303658561
  4.319013048462153 50.78959573181674
  4.318992321826575 50.78961648851281
  4.318937231353169 50.789678045256295
  4.318924313657307 50.78968891659764
  4.319046094182932 50.7897303200185
  4.319190581560773 50.789759327068936
  4.319189693456554 50.78979519468898
  4.319121683274739 50.78986960204583
  4.319102626032154 50.7899189465485
  4.319110360884785 50.78998277630444
  4.319132322333565 50.79000202333344
  4.31914322531598 50.790013790665824
  4.319223554503175 50.79010049880373
  4.319226383721572 50.790108051289984
  4.319205371000559 50.790130246245866
  4.319193018992709 50.79014174784625
  4.319176416102888 50.790152348706236
  4.319140082899995 50.79017678538721
  4.319052374851141 50.79023563021543
  4.319034916065413 50.79025099593097
  4.319014904116702 50.79026447202903
  4.318957714163452 50.790298788533335
  4.318955585680179 50.7903000461921
  4.318947343183253 50.79031514534895
  4.318937537459609 50.79033500908343
  4.318939651965209 50.79034714527887
  4.318955222707883 50.79037529013188
  4.318976611118386 50.79040100949591
  4.318976894737736 50.790401817964096
  4.318974743090378 50.79042528076837
  4.318954850059298 50.79046221917281
  4.318942640189373 50.790472462254435
  4.318878793041106 50.7904980566855
  4.318794778325383 50.79055088052081
  4.318786974416527 50.79055573164916
  4.318785815079868 50.79057865404917
  4.318784805726458 50.79059537437302
  4.3187830702817 50.79062755658868
  4.318778662347817 50.79063717437846
  4.31876274293836 50.790670338767306
  4.318706564708775 50.79068505813561
  4.318662167035902 50.79069330989803
  4.318531444345414 50.79065504940512
  4.318480259033813 50.7906425314187
  4.318363566128285 50.79061605239736
  4.318290539375806 50.79060424566948
  4.31827592399766 50.79061089179934
  4.318248647946952 50.790653939905894
  4.31822534385105 50.790695013411025
  4.318224209221079 50.790696720242536
  4.318207708662231 50.790741032911946
  4.318207425287483 50.79074238051958
  4.318202133302054 50.79078319127515
  4.318216119015641 50.79083632677345
  4.31822969051236 50.79087651556011
  4.318229650247923 50.790914542477545
  4.318180743958723 50.79102698144998
  4.318188526633183 50.79104467639244
  4.318204677955638 50.791059245060474
  4.318259929442751 50.79110251093106
  4.318304858205416 50.791130485673335
  4.318347364135516 50.79116907147005
  4.318371156616018 50.791204408725726
  4.318375800793524 50.79123821321148
  4.318363549870111 50.79128702252311
  4.318358970957219 50.79132729420365
  4.318371707870127 50.79135229082863
  4.318376455727925 50.79135705376011
  4.318396075841859 50.79137675156689
  4.318445113101402 50.79140976507456
  4.318481093255045 50.791451672067645
  4.318521987207595 50.791541676460916
  4.31855869776616 50.79169829019816
  4.318465517643285 50.791834175683974
  4.318468481988805 50.79184487389954
  4.318486472005562 50.79186843438899
  4.318528296565288 50.79188066937166
  4.318619604684941 50.791909115229515
  4.318677006535935 50.79194365968617
  4.31871398490243 50.79198251054264
  4.318744424929426 50.79203151621569
  4.318765356699715 50.7920876204189
  4.318767705710759 50.792147493888905
  4.318668609577486 50.79224229219209
  4.318633686417462 50.79227428060048
  4.318551653121465 50.792328452802145
  4.318539287322477 50.7923523600324
  4.318547030169846 50.79240585241551
  4.318517626153458 50.79244881048817
  4.318494358766118 50.792456800710326
  4.318386290667179 50.79245235072563
  4.318313951746879 50.79245636464841
  4.318279754901533 50.79247010499729
  4.318231883096939 50.79269069053362
  4.318248705534855 50.792742478042065
  4.318322821484561 50.792786827764075
  4.31834447945154 50.79282738097408
  4.318346812486861 50.79290190539713
  4.318324796658426 50.792930753528985
  4.318247623967501 50.792960385125035
  4.318218084919932 50.79299714092383
  4.318244668739408 50.79307185689292
  4.318306410762282 50.79315036200478
  4.318326610202059 50.7932300116334
  4.318335761390411 50.793291952004296
  4.318314142795823 50.793361613280446
  4.318294670423481 50.793401429848025
  4.318258337248367 50.793425416034744
  4.31817707326115 50.793418908914596
  4.318120851309075 50.793471564267975
  4.318114732001298 50.79349214722227
  4.318135540331513 50.79353162134395
  4.318141308440275 50.79357630304601
  4.318095724199434 50.793627704367964
  4.318079117029439 50.79363857403173
  4.317957924151983 50.793703338301256
  4.317917728629278 50.79375806586721
  4.317937413093156 50.793916653017334
  4.317934963193331 50.79395476805078
  4.317995584842188 50.7940315655159
  4.318001517387414 50.79405413277095
  4.317969109384043 50.794122171223286
  4.317970926025408 50.79414680217931
  4.318013987891786 50.79419994864549
  4.318007983003404 50.794243007180626
  4.317976738597558 50.79428209804635
  4.317946337613307 50.7943282011842
  4.31790049496496 50.794354252960936
  4.317861999455271 50.79441015203745
  4.317870166576014 50.794464363789785
  4.317888859945343 50.794492418037905
  4.317892363016982 50.794531523755495
  4.317870031481707 50.794591027047844
  4.31789024084131 50.794658898139815
  4.317885664837678 50.79469575370467
  4.31785780905184 50.79474869146956
  4.317818185483283 50.794794970408766
  4.317751041863843 50.79486011720038
  4.31771183214242 50.794919431976744
  4.317720697221802 50.794984789746906
  4.317716102763348 50.795036388302705
  4.317628508195558 50.79511078483864
  4.317584663172803 50.79512784626934
  4.317527779139053 50.795135732627834
  4.317483953663893 50.79513220847478
  4.317449929752589 50.79511655180827
  4.317397440215546 50.79512560793587
  4.317290434813864 50.79518066881653
  4.317216802148636 50.79519906492256
  4.317201312665815 50.79522566753019
  4.317244946642638 50.795276028443546
  4.317237527864407 50.79531270295145
  4.317222335958466 50.79532717039708
  4.317197682975408 50.79533214211319
  4.317160053802318 50.79533972884613
  4.317106277774254 50.795360111228604
  4.317058164002337 50.795387329615316
  4.317022530554673 50.79543037374551
  4.316993965535279 50.795481333265975
  4.316961447316522 50.79551646785292
  4.316940711133545 50.79554046185935
  4.316943956419572 50.795556644624234
  4.316965067058279 50.795577330001635
  4.316971856202434 50.7955967505809
  4.31696840588465 50.79561171646397
  4.316924830800426 50.795639205743626
  4.316875736296998 50.79565806254303
  4.316828911258519 50.79567359486744
  4.3168097446949 50.795689497423766
  4.316814810713414 50.79572833487545
  4.316823558794161 50.79576834330909
  4.316815550175722 50.79583072645288
  4.316782732880342 50.79587889798812
  4.316743406013066 50.79591214242589
  4.316641765392711 50.79598823936652
  4.316609120412663 50.7960098001627
  4.316571359422416 50.79603603331248
  4.316558154896218 50.79604924299375
  4.316560976706802 50.796061199732364
  4.3166088696679 50.796107877711776
  4.316625708148149 50.79614447220892
  4.316606663439282 50.79617763632463
  4.316577988786969 50.796199108239335
  4.316511034396813 50.79620303423646
  4.316447608275464 50.79622440020669
  4.316434518960771 50.7962633217232
  4.316426086567303 50.79632130188143
  4.316396122793569 50.79635185199628
  4.316338953471149 50.79635892930185
  4.316245739225045 50.79638127158592
  4.316185176536547 50.796378727685486
  4.316134983405041 50.79635865927868
  4.31610012360228 50.796331223273654
  4.3160665552645 50.79628797038598
  4.316023850482662 50.796296941061215
  4.315988495534432 50.796330277622076
  4.315947887281721 50.796367115635945
  4.315889555387947 50.79639855340029
  4.315843309956889 50.796403566992744
  4.315797504382631 50.7963956356869
  4.315738942528816 50.79637790068215
  4.315692424911229 50.796371854683265
  4.315614812250916 50.796396631359585
  4.315545841857764 50.79642896459153
  4.315476316737878 50.796448441634745
  4.31543276675094 50.796452017933134
  4.315405402971207 50.79644211703736
  4.31537947900441 50.796412259790074
  4.31534149736751 50.79638284587395
  4.315261649558576 50.79637552902781
  4.315209287574638 50.79639492303137
  4.315160028683475 50.79643103913627
  4.315063060721954 50.79651073410128
  4.314981732428955 50.796556902571965
  4.31493193543447 50.796567578385186
  4.31485794200241 50.79652376455853
  4.314755152313417 50.796483533439805
  4.314709083238885 50.79645717355353
  4.314690819401282 50.79642875798382
  4.314652390175032 50.796416964765974
  4.314592524134603 50.796426196064296
  4.314478879425758 50.79645158553095
  4.314424553792118 50.796452819220164
  4.314373084408191 50.79643535574966
  4.314307322483883 50.796388937631704
  4.314266772260748 50.79637381786761
  4.314198290160427 50.79635050252368
  4.314135750176073 50.79634229390274
  4.314114601131032 50.796353698846715
  4.314110292647634 50.79640044441079
  4.314138749270843 50.79644729279865
  4.314154726627894 50.79649117101502
  4.314200874577931 50.79657155814924
  4.314226069123351 50.79662002314843
  4.314272627293114 50.79671398838582
  4.31427857041484 50.796726035787835
  4.314248877356132 50.796767196121934
  4.314185658299099 50.79685463550006
  4.314008982839145 50.79692476388908
  4.313983137503497 50.79695190065992
  4.314054140324313 50.79700398268149
  4.314045341007487 50.79701265326294
  4.314024319425697 50.797033365756
  4.313976223342644 50.79704215340405
  4.313823765692799 50.797011095289704
  4.313739041081729 50.79699867622854
  4.313715651237212 50.797110047676725
  4.313694255157438 50.79711478571502
  4.313542271343866 50.7971484427571
  4.313327073907068 50.797167588862756
  4.313265829034257 50.797261502633866
  4.313047775287211 50.797306977169924
  4.313043034484931 50.79735857544475
  4.313004422577179 50.79738426765935
  4.312946102301572 50.79740302929174
  4.312821970120805 50.79741798279794
  4.312669624041192 50.79742222589076
  4.31256819330678 50.79743368462119
  4.312490004660797 50.79745935791269
  4.312502162689904 50.79749361490403
  4.312452473361884 50.797494957753294
  4.312322440139614 50.79749847311446
  4.312161712270362 50.79751323014971
  4.311978585883854 50.797515748903685
  4.311835354965014 50.79749150748416
  4.311797792139505 50.79751092432031
  4.311774193802529 50.79752312162699
  4.31170083960426 50.79754169562246
  4.311552878864361 50.79755438962876
  4.311434071081148 50.7976214841088
  4.311284745477161 50.79759237603843
  4.311174073146069 50.797602361974356
  4.311075643425223 50.79761124192344
  4.311021470086493 50.79762066690181
  4.310844812267654 50.797651402976484
  4.310789896995392 50.79767043416758
  4.310712847418859 50.79780568974303
  4.310756558501017 50.79790477832932
  4.310714399441347 50.79793082619822
  4.310282980170236 50.797989696972934
  4.310009984871025 50.798026950264
  4.309962073597942 50.79803348678855
  4.308877778531828 50.7981753398407
  4.308439406296229 50.79822771627053
  4.306804511921201 50.79844035145723
  4.305377700517585 50.798625905078865
  4.305145344154234 50.79863189347949
  4.304945476890608 50.798750988496025
  4.30450584291749 50.79930900692613
  4.304195863995776 50.79997092243657
  4.304189458432062 50.7999895281958
  4.304200745569805 50.79999547901038
  4.304263026177277 50.800028305668526
  4.304304209220168 50.800204434192274
  4.304277446510749 50.80037720027971
  4.304219016916093 50.8005770086004
  4.303945533726857 50.80110558884305
  4.303896458127975 50.801200442087996
  4.303875562892472 50.80122909820087
  4.303614440963661 50.801628545875545
  4.303504044123174 50.80185906825809
  4.303466335367387 50.8019430537178
  4.3034299550127 50.80202407403953
  4.30337401276182 50.802148668123515
  4.303368294506177 50.802161404342165
  4.303180695303429 50.80226793624668
  4.3029964896695 50.802372543795926
  4.302965064713023 50.80242547594172
  4.302736529592332 50.80271414002737
  4.30264324319869 50.80282175057631
  4.302424496130424 50.80307303704669
  4.302285390898751 50.80325734265083
  4.302208873184801 50.80337719101335
  4.302153663843957 50.80349821924161
  4.302093707098985 50.8036483740146
  4.302054490241043 50.80380476556863
  4.302023526190272 50.80404456960335
  4.30202692594825 50.804155575339884
  4.30205222044378 50.80422188407845
  4.302271161139106 50.80452527955342
  4.302466446092545 50.80474243725478
  4.302640059938405 50.80493549034526
  4.302646827384137 50.80493282456672
  4.303037886244553 50.8053512248206
  4.30306522186285 50.80548181236353
  4.303094366986315 50.80585217911268
  4.303098601356909 50.80590596093344
  4.303174612362054 50.806596720413296
  4.303316970759715 50.80717125410299
  4.303381753653459 50.80729543569879
  4.303433696912587 50.80734209383314
  4.303998548542226 50.80825557725341
  4.304153310109992 50.80869270057742
  4.304337839881091 50.809056789568245
  4.304433493644723 50.809152744112616
  4.304506776176899 50.80918224246266
  4.304586975195601 50.80918678073418
  4.304676794795742 50.809185429849386
  4.305301655991349 50.80917603581603
  4.305451813838478 50.809202617499714
  4.305502651617593 50.80931862064553
  4.305620541404073 50.8099490346819
  4.305650642158596 50.81008900520084
  4.305683776741466 50.8102430687063
  4.305727316568042 50.81044552337533
  4.305723250691778 50.81052618600605
  4.305672154080138 50.81065712798844
  4.305633403677882 50.8107265804446
  4.305614811019536 50.81075990254883
  4.305657562001207 50.81097241220538
  4.305750806261597 50.8112648669735
  4.305762059253133 50.811262660794974
  4.306022282539346 50.811680204014564
  4.306357267382785 50.81227481782074
  4.306451563880115 50.81244219623556
  4.306244382449113 50.81246954784264
  4.304141160401905 50.81274718630649
  4.30276612252707 50.81293062441771
  4.302463414391434 50.81297090712595
  4.301860686527826 50.81305138541493
  4.301862162794901 50.81301174284046
  4.301851319710666 50.81295312309647
  4.301802463201414 50.81288423516101
  4.30166819336399 50.81281269258204
  4.301497541736491 50.81278140115335
  4.301321182469462 50.812773751027834
  4.301102401909076 50.81276337808922
  4.300507156476517 50.81287055208521
  4.300445575927552 50.81287159532415
  4.300372511625125 50.81286499002052
  4.300307001748109 50.81293273230012
  4.300216307360616 50.812950571289974
  4.300165771328232 50.81296510517285
  4.3000427419872 50.81297168613538
  4.299984156511185 50.8129618527369
  4.299915937860047 50.81293960806218
  4.299857669459034 50.812905684098844
  4.299726375448881 50.81274154815705
  4.299720610951901 50.81270306787336
  4.299725170365218 50.8126921032211
  4.299859134500622 50.81257963291499
  4.299866823958155 50.81256030903179
  4.299867846282104 50.812541342291006
  4.299857660106272 50.812521288837296
  4.299801364660543 50.812497523518445
  4.29960633162858 50.81245183320716
  4.299531864528909 50.81243363069434
  4.299503353174104 50.81242767944453
  4.299468463866333 50.81241723253171
  4.299385385156995 50.8123702581652
  4.299360304789459 50.812346600098216
  4.299363750183302 50.812320712069805
  4.299390192713925 50.81228422979075
  4.299444739978339 50.81224228102712
  4.29944731448962 50.81222807896606
  4.299428184648786 50.812211885045514
  4.299373572208197 50.81220016800732
  4.299296242267038 50.81220075121094
  4.299250842107186 50.812198027682676
  4.299206867778929 50.81218991265262
  4.299167298610847 50.812178201478964
  4.299141778599767 50.8121642518739
  4.299127328859786 50.81214940981533
  4.299119422023898 50.81212270820809
  4.299188483209963 50.81195374432056
  4.299206452705547 50.811891906424556
  4.299256633762351 50.811826759130994
  4.299279535048234 50.811788568926325
  4.299295055362041 50.81175154087667
  4.299306747344786 50.811711185145235
  4.299306084579469 50.811680440319016
  4.29927990097806 50.811634756339636
  4.299240216338752 50.81160587713892
  4.299208168664656 50.81159192371243
  4.299163348678598 50.811582099424044
  4.299114255949499 50.811580092839236
  4.298923825388957 50.8115931946443
  4.298921626484772 50.81159336594738
  4.298808316131977 50.81160220522098
  4.298432113836825 50.81164198675185
  4.298315882818057 50.81165863829506
  4.298220170159188 50.81161749953227
  4.298149887479386 50.8115539910358
  4.298105144239813 50.81149103712045
  4.298059427184144 50.8114140588255
  4.298017132650664 50.81132710194034
  4.297976998368233 50.811220372080136
  4.297959751145441 50.81117856083001
  4.297924659874388 50.81111354572277
  4.29789991376555 50.811057524962905
  4.297866689257533 50.81097704883583
  4.297846231560706 50.810899546197604
  4.297828925272368 50.81080298748266
  4.297848484288103 50.810721553390884
  4.297867319757366 50.81064901641139
  4.297894686116421 50.81056570132539
  4.297902832742356 50.81052723069567
  4.297904114590264 50.8103330545618
  4.297741656047569 50.81033430634989
  4.297683883940433 50.81006611246089
  4.297576456351314 50.81008079084887
  4.297355101443554 50.80999921023487
  4.297397465144758 50.809850728934435
  4.297361750012977 50.809823288374496
  4.297173817617067 50.809875944550924
  4.296888557818153 50.8099271921948
  4.29678986384745 50.80989054235772
  4.29654752968974 50.809983348688654
  4.296424092567849 50.809983004326945
  4.296390154769182 50.80990836984505
  4.296499506389605 50.809746353350896
  4.296460235747126 50.809727271397165
  4.295901912339429 50.80973951581938
  4.295821362308702 50.80971420467793
  4.295843062189669 50.80962638887499
  4.296014821328017 50.80948698596522
  4.296057001345014 50.809452752137105
  4.295916941817947 50.809283209734986
  4.295866871896161 50.80918114900734
  4.295839542127011 50.809148589786
  4.295792914805979 50.80911395032965
  4.295752793599649 50.80909334009637
  4.295735782851787 50.80908460895958
  4.295666717162733 50.80906461082053
  4.295527718268522 50.80903530648274
  4.295445815149799 50.80906195561488
  4.295376566784164 50.80906901519337
  4.295315431959426 50.80905693118302
  4.295238759776833 50.80900357446439
  4.29511365103111 50.80891682244058
  4.294840705114642 50.80880428066417
  4.294739950905957 50.80873314509759
  4.294688641175965 50.80865458982373
  4.294574704943248 50.80853287247114
  4.294549666184463 50.80844676219467
  4.294491068285624 50.808363857037754
  4.294301074310205 50.808321207396055
  4.294122253270449 50.80826811497285
  4.293988903779955 50.808198816510064
  4.293977278987855 50.80819895874849
  4.293907449619032 50.808204623343286
  4.293866877682707 50.808221723949025
  4.293837556921863 50.80824882092286
  4.293794724798723 50.80827305422667
  4.293724870232182 50.80829298844462
  4.293632512291333 50.8083014936824
  4.293578447695971 50.80830859492399
  4.293544627956803 50.80832997876392
  4.293544578227968 50.80836137476639
  4.293583903357302 50.80840661247157
  4.293588641780884 50.808412065344264
  4.293586338434493 50.80844488674469
  4.293517370512743 50.808493091927154
  4.293453329170072 50.80852329365714
  4.293399239125827 50.80854466598501
  4.293365899214928 50.80863800722877
  4.293355679667648 50.808666620754366
  4.293343205041138 50.80870864102327
  4.29334266574608 50.808710458738034
  4.293340979785017 50.80871120559853
  4.293297588348197 50.80873040993355
  4.293250241355526 50.80876177574745
  4.293193867744582 50.80880312646747
  4.293160026778795 50.80883592770314
  4.293146456733467 50.80887302382011
  4.293137396060994 50.808904414057096
  4.293105833921905 50.808921520156936
  4.293077817727652 50.80892749290889
  4.293063957001057 50.80893044845239
  4.293004513313305 50.808924336294865
  4.292970728268761 50.80890145371549
  4.292951420846879 50.808880427231806
  4.292916867800798 50.80877868729229
  4.292908546879089 50.80874418486968
  4.292907918937346 50.8087415781994
  4.29288768500841 50.808717304782334
  4.2928561824583 50.808698731453624
  4.292780765210221 50.80869262187464
  4.292731870288089 50.80868866091567
  4.292650862642208 50.80864151620424
  4.292640247696828 50.8086368808026
  4.292614850348254 50.808625793569675
  4.292558549632677 50.80862147681558
  4.292481948777477 50.808634270351995
  4.292385066487903 50.8086556146043
  4.292168337865415 50.80868829730578
  4.292091755444434 50.80869110134479
  4.29202869777118 50.80868535168639
  4.291958878986301 50.808683880972595
  4.291873274368744 50.808693814601796
  4.291760608116839 50.808725137328864
  4.291674973056498 50.808752197078306
  4.291605103162253 50.8087821207136
  4.291562241555104 50.80882347946448
  4.291536511052922 50.80885628552617
  4.291489176499912 50.808877661382674
  4.291428363472191 50.8088790484606
  4.291376553943544 50.808883295060696
  4.291323297882105 50.80888042667341
  4.29130346000524 50.80887935937962
  4.291164607965618 50.80885310498817
  4.291003222774309 50.80883397120917
  4.290506756625201 50.808798962497974
  4.290201955954617 50.80874837397739
  4.290102872866583 50.80873689057948
  4.29000601991773 50.808738252937715
  4.289918184718618 50.80873534073703
  4.289836446751163 50.80872770616353
  4.289825851183576 50.808726716705564
  4.289613809369091 50.80866893213187
  4.289547546622091 50.80865084093249
  4.289427627592006 50.80864359328881
  4.289209889831803 50.80853641596028
  4.289157245523032 50.80852647325506
  4.288913671616293 50.80850115678428
  4.288895540243382 50.80849927182105
  4.288876552786061 50.80849729853795
  4.288667798366164 50.80846561022977
  4.288501352699296 50.80844406754914
  4.28833064209898 50.80843384000963
  4.288119816426987 50.808426941942436
  4.287990915147084 50.808412381382276
  4.287865173936403 50.80840846510386
  4.287695299315051 50.80839993013416
  4.287576483114197 50.808394810091265
  4.287533121514537 50.8083924343725
  4.287426628396811 50.80838387782643
  4.287260562052474 50.80836484929614
  4.28705318812878 50.80834556903969
  4.286745289337597 50.80829769790282
  4.286490200467994 50.80829482373048
  4.286412790888695 50.808262182838774
  4.286427847534593 50.80821162568554
  4.286431966985681 50.80816548236197
  4.286419977491112 50.80815519564719
  4.286402488560703 50.80814023050091
  4.286294472089753 50.808136334954696
  4.28620981880064 50.808108858258976
  4.286168563656506 50.80801053198457
  4.286120028261785 50.80793534058345
  4.285946004037678 50.807820870896535
  4.285738402601149 50.80767999248996
  4.285471301454238 50.80753561833916
  4.285377476385524 50.80751486887115
  4.285297256618954 50.80747611519098
  4.285188654472799 50.80742677247751
  4.285074790575737 50.80739244218707
  4.284894081075678 50.80729010144328
  4.284693918164779 50.80724209419022
  4.284467035739136 50.80720321392933
  4.284263433730013 50.807179215105194
  4.284158277765367 50.8071711426984
  4.284090203727717 50.80713602149566
  4.28400671984816 50.807095652210606
  4.283886670781523 50.80707228365443
  4.283817592884041 50.80706355939463
  4.283675435445978 50.80706026543543
  4.283659664126287 50.807068385003504
  4.283648661744786 50.80707405563808
  4.283615858796563 50.807134430706384
  4.28363604064418 50.80719310356117
  4.283662356236769 50.80723397995506
  4.283661240856724 50.80726193613262
  4.283633787943329 50.80730192085827
  4.283603412994764 50.80732691454835
  4.283594412010475 50.807330093979786
  4.283573977695385 50.807334877544825
  4.283548161075148 50.80733166581738
  4.28353477847602 50.80732773237813
  4.283463566370481 50.80728450782799
  4.283407971413578 50.80723640272859
  4.283313877234107 50.80721350109543
  4.283298737887547 50.80721602881247
  4.283283558216013 50.80721857375845
  4.283235705338795 50.80725250404842
  4.283183772106542 50.80726866788553
  4.283169056688526 50.807269310231426
  4.283160270285356 50.80726939591939
  4.283138007174417 50.80726190761968
  4.283098386575756 50.80724413555816
  4.283027288034831 50.80721639453567
  4.282943572167846 50.80719053859701
  4.282827304707618 50.807144153974605
  4.282773714672859 50.80713934976757
  4.282737592216514 50.80717015856802
  4.282726241583102 50.807209478787144
  4.282702943928189 50.80723648819533
  4.282677102724904 50.80724133382905
  4.28267255387938 50.80724180228939
  4.282644296498707 50.80721954066998
  4.282552945013494 50.80720778035486
  4.282467114320878 50.8072247001521
  4.282415063059158 50.80725300457617
  4.28234035900803 50.80730942918154
  4.282321631954175 50.807318363383146
  4.282294884071269 50.80732045528968
  4.28225801816485 50.80730851742196
  4.282166663995668 50.80730094380685
  4.281978650428741 50.80735699164878
  4.281798351323764 50.807402649997265
  4.281700394103304 50.80745544828242
  4.281541165934298 50.807495028960815
  4.281460341717424 50.80750866079858
  4.281335380931361 50.80751603767239
  4.28121467972352 50.80749684570957
  4.281126390712901 50.80752028844285
  4.281091084946878 50.80756220131052
  4.281056042764463 50.80758819195903
  4.281007964764035 50.80761342210091
  4.28091601120301 50.80762333150547
  4.280852059063634 50.8076057549009
  4.280813217375696 50.80758788196397
  4.280719346840208 50.80755333219119
  4.280538321310273 50.807556585848126
  4.280453132978336 50.80754832510055
  4.280344882715321 50.80751413249025
  4.280272959345696 50.80750935800383
  4.280189421335415 50.80753307399824
  4.280157555762303 50.80756903012953
  4.280127174607021 50.80758952666834
  4.280077782265371 50.80757936800751
  4.28005957799554 50.80756701914919
  4.279985781773844 50.807521458999304
  4.279872208360099 50.807523486499704
  4.279756893400221 50.80753296892323
  4.279681416663551 50.80754433242781
  4.27960647828435 50.80764303362562
  4.279591188004902 50.80765734649298
  4.279552347339262 50.80767530358187
  4.279533049413997 50.80767677193103
  4.279449953012418 50.80765419050134
  4.279372204184178 50.80761763385078
  4.279320575570245 50.80760222180537
  4.279294355166164 50.80760354391555
  4.279247843248523 50.80762041633883
  4.279203403092632 50.807665690302684
  4.279176453386341 50.80771844536922
  4.279149756306742 50.80776008658148
  4.279008608727614 50.807821026788346
  4.278999491457443 50.80782821730348
  4.278974502568436 50.807862681027366
  4.278966721505397 50.80791295222102
  4.278972335023381 50.80794342624353
  4.278979220317488 50.8079698983374
  4.278977932798022 50.80799418801236
  4.278960160522601 50.8080290556373
  4.278922683471958 50.80806070653138
  4.278873707004466 50.80807016373542
  4.278837995135638 50.80807130879536
  4.278816976337387 50.80806915254271
  4.278756276301311 50.808052489179374
  4.278693962814759 50.808068576950326
  4.278603347052363 50.8081198392178
  4.278504296518324 50.80818206373457
  4.278469395845246 50.808196227699646
  4.278428438615263 50.808206411455565
  4.278342453046386 50.808222255111154
  4.27823636551441 50.808259541861354
  4.278185213519284 50.8082805225122
  4.278113638530199 50.80829587794799
  4.278098161819657 50.80829671181012
  4.27786188829445 50.80829755427918
  4.277733588209159 50.80828780132829
  4.277674419185298 50.80828043312585
  4.277616678954402 50.80827522494162
  4.277569271446778 50.80826869568423
  4.277495517941897 50.808257877061784
  4.277450515651321 50.80823948476472
  4.277389138749796 50.80820959896706
  4.277325054653947 50.80818367078552
  4.277204464535779 50.80818124005013
  4.277143566682016 50.808198093290095
  4.277077710555171 50.80822258022385
  4.277041250866525 50.80823789753878
  4.27703154213471 50.80824991881836
  4.277028685045623 50.80826881636068
  4.277014869479403 50.80830527037306
  4.276998446176718 50.808343668428364
  4.276987331195235 50.80836530677736
  4.276966441993654 50.8084015438497
  4.276919129685166 50.80845634801145
  4.276912774667625 50.80847389510665
  4.276904998621384 50.808524286981346
  4.276891032189335 50.80856962834946
  4.276884087422985 50.808593894898486
  4.276848841690481 50.80864014599175
  4.276824420872119 50.8086663378123
  4.276815312290203 50.80868437323064
  4.276794608174903 50.808705546701084
  4.276782682759696 50.808720358046074
  4.276737952439936 50.80883162033992
  4.27674463892085 50.80884706179206
  4.276758655973531 50.80886009830125
  4.27676388162726 50.80888082882042
  4.276754965233738 50.80890231495521
  4.276740025496099 50.80892609629754
  4.276725405528176 50.80894730757747
  4.276714542581635 50.808962220426345
  4.276698901894234 50.80897604216598
  4.27665038769625 50.80901256687834
  4.276634520781916 50.80902615110704
  4.276622000296161 50.8090451604781
  4.276609135770024 50.809070140119175
  4.276603104594916 50.80909588597269
  4.276600932248618 50.80911998074908
  4.276620607312005 50.80914768698086
  4.276621250909495 50.80916380405704
  4.276612845159459 50.809185530780326
  4.276559617165699 50.809237137060244
  4.276526000067142 50.80925747910617
  4.27649154188641 50.80928036490445
  4.276478998670989 50.809301930167294
  4.276473834102042 50.80934688281231
  4.276467657997082 50.80937974975334
  4.276468977680015 50.80940947546994
  4.276464363891231 50.809427638067696
  4.276317854959641 50.80962870805053
  4.276309347436358 50.809646978344816
  4.276272486487851 50.809723985397284
  4.276266115404898 50.80974439185417
  4.276262666407369 50.80976699981766
  4.276261533944009 50.809789810962855
  4.276266796699352 50.80979921174402
  4.276276285237471 50.80980608579917
  4.276294171082914 50.809808608267105
  4.276321096522065 50.80981060418607
  4.276342089344524 50.80981350736165
  4.276357523219468 50.80982329294325
  4.276371435561191 50.809837170840716
  4.276389532950414 50.809875890659555
  4.276400629019851 50.809908230287746
  4.276406238376916 50.8099297680245
  4.276416327751233 50.809946262138546
  4.276429292094428 50.809963305067875
  4.276453394296148 50.809992556680626
  4.276471677894863 50.810015897927414
  4.276475673000846 50.8100270812462
  4.276465997449288 50.81004249266069
  4.27644410432784 50.81005826561439
  4.276349090201177 50.81011466761049
  4.276331572421622 50.810120932242185
  4.276298454662259 50.81013021667204
  4.276273911567325 50.8101397882847
  4.276252766069002 50.81015568404661
  4.276233216981266 50.81017687269854
  4.276223179283645 50.810194547751635
  4.276217818989011 50.810217030516284
  4.276223052686536 50.81023488582217
  4.276213152889114 50.81025028697096
  4.276189694413858 50.81026152932541
  4.276149460567804 50.81027796961532
  4.276131217891 50.810290422813644
  4.276082987701637 50.810327610576024
  4.27606375480785 50.81035058873857
  4.276051721778496 50.81037116045939
  4.276031004634773 50.81038942689652
  4.276021592187067 50.81040669393466
  4.276018683753802 50.81042452847039
  4.276024564215254 50.81044131273098
  4.276030326392889 50.810455482001224
  4.276050060990427 50.81048376657711
  4.276057731367582 50.810497054204994
  4.276046612082232 50.81051912395086
  4.276011011450749 50.81054995551702
  4.275984515221437 50.81058065614549
  4.275955833698652 50.81061225688765
  4.275924422798943 50.81067823748776
  4.275917254177008 50.8106980866572
  4.275912664598844 50.810719144618936
  4.275897678634855 50.81073515734806
  4.275876779968486 50.81074698417833
  4.275851266344294 50.81075553371842
  4.275824440940149 50.81076647561347
  4.275798273975022 50.81077555537414
  4.275776383168981 50.81078729222843
  4.275764068109607 50.810800021881576
  4.275731583286261 50.81085094219205
  4.275718668364269 50.81086774473818
  4.275681073319097 50.81090848477238
  4.275409284795441 50.81115306078508
  4.27537838446725 50.81118430004321
  4.275332502881459 50.81122513265396
  4.275292500940059 50.811252393438565
  4.275211880575824 50.811304014790714
  4.275166709070414 50.81132565185372
  4.275078545078419 50.81136477517758
  4.27505688989201 50.81137939594835
  4.275039510583579 50.81139809491757
  4.275014394398377 50.81144101221108
  4.274912037365959 50.8115276841851
  4.274857215767905 50.81154365360172
  4.27479835700873 50.81155706529371
  4.274604339630031 50.81163039392139
  4.274334205357291 50.811732489959674
  4.274147034120533 50.81179206705043
  4.273970083042911 50.811841324789974
  4.273753505402067 50.81190053962884
  4.273563918936735 50.81195313071853
  4.273414778146256 50.81199891488147
  4.273312562899724 50.812054388041204
  4.273228736058233 50.81207445695219
  4.273164150273886 50.81209224723814
  4.273058541831432 50.8121341179547
  4.272993534646651 50.81215223430727
  4.272943226230511 50.81215881702642
  4.272938475126822 50.81215814002866
  4.272824601171016 50.81214245453749
  4.272774591652331 50.81213948255683
  4.272740331064202 50.812143700665374
  4.272616753465043 50.81217386556662
  4.27256419419678 50.81218129778522
  4.272462816716418 50.81214853612378
  4.272430954383083 50.81214252520953
  4.272397625573792 50.812148003961134
  4.27228374877413 50.81218205850028
  4.272224308249406 50.812177401476326
  4.272109952036401 50.8121611712051
  4.2720013850963 50.81214168773496
  4.271984612232946 50.81213894546093
  4.271931757872623 50.81214285754428
  4.271900652675815 50.812159519607796
  4.271882206973493 50.81216566055209
  4.271866195964618 50.81216846079753
  4.271662471973312 50.81212041836326
  4.271599888830472 50.812091016169546
  4.271485855093401 50.81206880782667
  4.271427976687328 50.81207988996611
  4.271338100088209 50.81209966486946
  4.271306612006828 50.81210280177962
  4.271176330252077 50.812100690544014
  4.271109261099528 50.8120900259066
  4.271022792440352 50.81207292011908
  4.270975215789537 50.81207493465991
  4.270897706643676 50.81208415488734
  4.270852156944724 50.81209491758429
  4.270734768924235 50.812101898210145
  4.270667844443634 50.8121467000189
  4.27039760439111 50.81211829379407
  4.270255025652689 50.81204059388191
  4.270146707985052 50.81210271149736
  4.27000821726968 50.81209992903109
  4.269881720270857 50.81210658043189
  4.269868796571846 50.8121047026432
  4.269715406348138 50.812048861486666
  4.269681251036292 50.81205081053243
  4.269373395588148 50.812042731456806
  4.269312879377755 50.81198803375128
  4.269301036589128 50.81198116290526
  4.269283655133362 50.81197330069083
  4.26910949305537 50.81203729495829
  4.269027538784353 50.81202838859072
  4.2689224376902 50.8120202407274
  4.268880302732414 50.812023831123184
  4.268853787597684 50.812028650122045
  4.268820737811131 50.81203064012637
  4.26873148060806 50.81201423219418
  4.268675335533349 50.8120247606843
  4.268555829344934 50.812038854222095
  4.268506212298131 50.81203625759711
  4.268458065525881 50.812026784074106
  4.268362355152552 50.81199413586824
  4.268295035241226 50.81197857618411
  4.268232287430569 50.81202666244546
  4.268149817638156 50.81201866261531
  4.268119543798099 50.812006166421675
  4.268098798398665 50.81200275425343
  4.268066138448574 50.81199195612475
  4.268086248495479 50.81195183936911
  4.268118770841879 50.81190410857182
  4.268131940590019 50.81187546237848
  4.268130924695363 50.81184863221446
  4.268128495600717 50.81183736221199
  4.268095447590847 50.81178760209006
  4.268102783360052 50.81174050281323
  4.268086601926838 50.81172628111812
  4.268052536621165 50.81171677197405
  4.267998214415754 50.81171343756628
  4.267961038681832 50.81170752445876
  4.267928926730982 50.81169495760443
  4.267910144059518 50.81168177214141
  4.267887390748318 50.8116633693099
  4.267868827702089 50.81165350083292
  4.267841813292655 50.811643287116716
  4.267806685893006 50.8116334936402
  4.267743960050451 50.811625199730855
  4.26771129252181 50.81161811528152
  4.267684373247588 50.81161055390375
  4.26765012160917 50.81160464464018
  4.267539858597769 50.81159539653769
  4.267523077667638 50.81159192725723
  4.267475808926867 50.81156670141539
  4.267472326903314 50.81156502564079
  4.267436447087195 50.811556185024635
  4.267431694683705 50.81155618094397
  4.26741395844568 50.81155780254056
  4.26737874817789 50.811566794984024
  4.267350631932057 50.81157723760382
  4.267318787177603 50.81159172736874
  4.267297795977049 50.81159853710784
  4.267273177490842 50.811602116095514
  4.267240672533964 50.81159795004047
  4.267199550239026 50.81159685316306
  4.267179737769074 50.811601271941086
  4.267112347741215 50.81161530961372
  4.26706653107306 50.81162940179956
  4.267021343931702 50.81162828409649
  4.266903197106146 50.81161596925476
  4.26683693594719 50.81160628093619
  4.266776319666222 50.81160904914244
  4.266747544191154 50.81160977508129
  4.266653880595167 50.81161581131835
  4.266618334396671 50.81161465433673
  4.266551807413792 50.811609135365806
  4.266477760248765 50.81160125815775
  4.266464543738079 50.81159864906417
  4.266445321719349 50.81159435478428
  4.266416842971319 50.81158946563146
  4.266385868596608 50.811568168634324
  4.266354874223928 50.81154448541038
  4.2663337473616 50.81153244976728
  4.266315671717994 50.8115244685649
  4.266302789354691 50.811519920864725
  4.266289908545811 50.81151698410199
  4.266259438834782 50.81151507485451
  4.266250626492721 50.81152210929737
  4.266243624675316 50.8115292704479
  4.266243331001506 50.81154975786572
  4.266242362507111 50.81156785418097
  4.266224906601127 50.81157956577556
  4.266144254185389 50.81162019916317
  4.266126004154017 50.81163458248243
  4.266110325189538 50.81165259839817
  4.266092751862871 50.811663842411185
  4.266061258019739 50.8116614777067
  4.265984555616392 50.81163304547843
  4.265926865970922 50.811607873221
  4.265907868166763 50.81160124894236
  4.26589665129872 50.81160447542273
  4.265875558978775 50.8116148403883
  4.265871655467188 50.811619399389635
  4.265856654293755 50.81163491027947
  4.26579133233821 50.81169722533981
  4.265772003665767 50.81171419235409
  4.265733145452392 50.811747825585044
  4.265698848841039 50.8117892715187
  4.265678762149923 50.811809652467105
  4.265665833710842 50.811813537626634
  4.265643207942463 50.811814431199544
  4.265588897558755 50.81179413337753
  4.265557993826789 50.81178675932625
  4.265425903061169 50.811783181641026
  4.265356647992837 50.8117882443246
  4.265102867200551 50.811740011392885
  4.264965685123202 50.81168888160885
  4.264875601343293 50.81167475840384
  4.264752590908301 50.811646757799224
  4.264658822098908 50.811642073861584
  4.26457326295707 50.811637699149564
  4.264532999336388 50.811630953745095
  4.264425249656179 50.81160143732435
  4.264401939022056 50.81160343325651
  4.264365738070559 50.81161027648162
  4.264351747137182 50.81161170962994
  4.264294260449719 50.81159655045032
  4.264254592066401 50.81157803124972
  4.264191524758861 50.811536498042024
  4.264143722104687 50.8115303427312
  4.26407856802078 50.81154309476955
  4.264041279576086 50.811563379628225
  4.263993712880243 50.81156895841976
  4.263939082355516 50.81157996351543
  4.263884688646643 50.811564765170836
  4.263804545132255 50.811557830156275
  4.263752075023885 50.8115712995199
  4.263629585678951 50.81156651871317
  4.26353554316737 50.81152871879694
  4.263519063836504 50.811523405263614
  4.263504114857127 50.81152189605672
  4.263307751762391 50.811517687602816
  4.263200974966307 50.81148603787031
  4.26307352439818 50.811473384338456
  4.262955424896524 50.811494627716954
  4.262864468320917 50.81149845694448
  4.262835977151177 50.8114858013275
  4.26279416207483 50.811413973489515
  4.262767692723884 50.81134307564464
  4.262742743678936 50.81133334444973
  4.262650029712828 50.811322463494854
  4.262613016538426 50.81132086672397
  4.262591420654745 50.81130169870652
  4.262571295119782 50.811242306030415
  4.262563663977412 50.81123225812854
  4.262548993438798 50.81122568466468
  4.262519523654928 50.8112182737046
  4.262410934518391 50.811204674187756
  4.262345590145058 50.81120235131752
  4.262296888736256 50.8111963008785
  4.262223891583002 50.811126425275276
  4.262202911031758 50.81111035879598
  4.26218212382109 50.81110015227385
  4.262165864178237 50.81109583407729
  4.262128837448588 50.81109586965384
  4.262092776754372 50.81110532001008
  4.262032027157047 50.811098119402544
  4.26200330327771 50.81109393805443
  4.261778620653631 50.811051233071105
  4.261767540481777 50.81105742657082
  4.261773150656945 50.81107012498635
  4.261783178050479 50.8110751049743
  4.261820333201472 50.81108399306828
  4.261841527132143 50.81109137944383
  4.26185744516467 50.811099746295476
  4.261866430118475 50.81110687133083
  4.261877851158761 50.81112706874411
  4.261889807879413 50.81115764856027
  4.26189334004993 50.81117494488975
  4.261875935190167 50.811185941031205
  4.261853775333777 50.81118359228233
  4.261780349796682 50.811165402665594
  4.261728683830311 50.81117290706927
  4.261690992492794 50.81118950292036
  4.261673572358889 50.81120054792138
  4.261662713801009 50.8112089523366
  4.261641687348309 50.81122215156455
  4.261618180540733 50.81122517229946
  4.261574118045219 50.81121587369277
  4.261560327664986 50.81120994240324
  4.261509742087329 50.81118184596705
  4.261501077472565 50.81117785677111
  4.26148292786584 50.81117070611344
  4.261456431823762 50.81116141912156
  4.261439121011615 50.81115754575254
  4.26141130604229 50.811157930369
  4.261397378491181 50.81116030821006
  4.261377170525361 50.81117016112475
  4.261364138907217 50.81118281525935
  4.261329048483685 50.81121075033676
  4.261279135783938 50.81122800950437
  4.261224520183288 50.81122346492313
  4.261156680864625 50.81119971508108
  4.261123767311593 50.811167367050594
  4.261117389127469 50.811132527576575
  4.26107195061579 50.811112644238726
  4.261061536977391 50.811110311816336
  4.261045516405479 50.811108332419074
  4.260974070374075 50.81111689142566
  4.260869799052062 50.8111329299283
  4.26078653294581 50.81115398003676
  4.260762551265012 50.811155396419295
  4.260758324277529 50.81115472084551
  4.260709035881391 50.811145549455176
  4.260695246449535 50.811141466327946
  4.2606543604686 50.81112535112772
  4.260629483104733 50.81111094063606
  4.260595701827783 50.81109481179131
  4.260571374092912 50.8110867664341
  4.260543272842695 50.81109011068025
  4.260481277221236 50.81110587693505
  4.260435670357791 50.81111347406955
  4.260227211255748 50.811107821073534
  4.260213278908524 50.811106778403214
  4.260180981851049 50.81110133045975
  4.260139743576028 50.811091766382134
  4.260065805724448 50.811068904936654
  4.259991471377809 50.81109369232024
  4.259935655556712 50.81111728278723
  4.259925039201181 50.81113852154985
  4.259865667429889 50.81125727916979
  4.259745691648443 50.81166205884334
  4.259677157192519 50.81191055883615
  4.259662847491515 50.811961697182845
  4.259596615148612 50.81219554402332
  4.259411928774781 50.812848557676325
  4.259307972401603 50.81319492060128
  4.259161977999351 50.8136809427773
  4.259150652662448 50.81371863824257
  4.259126779843238 50.813760555068285
  4.25906808388672 50.81386361483118
  4.258604548780839 50.81467747530465
  4.258342172659412 50.81519204493296
  4.258149689232554 50.81543872040476
  4.258078924895916 50.815498475843995
  4.257708798676751 50.81595963663548
  4.257065811820407 50.81656313756939
  4.256360510736585 50.81736824161464
  4.256322246958965 50.817411919021964
  4.256144694824971 50.81744190862888
  4.256026069105178 50.8174543922366
  4.25591317641815 50.81746253887636
  4.255808125243409 50.81746626716078
  4.255744652683091 50.81746662490953
  4.255653870416 50.81746621137831
  4.255617032960943 50.81746504695071
  4.25553332932521 50.817461162222635
  4.255447950845045 50.81745510825462
  4.255324316933005 50.817442603898236
  4.255238340790823 50.81743056716692
  4.255050293630918 50.81740220758045
  4.2547273448462 50.81735262270294
  4.254486866636468 50.8173180453584
  4.254149335583002 50.81728179106699
  4.254060507681977 50.81727434905662
  4.253991571500585 50.81726974835348
  4.253916601667934 50.81726560919286
  4.253779373367019 50.81725778181477
  4.253764110758531 50.81725722036471
  4.253727689932317 50.81725675621856
  4.253543465341071 50.81725325093471
  4.253433892978773 50.817252928074936
  4.253360378648964 50.817253102110904
  4.252856278749138 50.81726685729301
  4.252375582868035 50.81727874775235
  4.252212117912831 50.817278469790175
  4.252136606597721 50.81727742856817
  4.252055175525606 50.81727559323084
  4.251858689736341 50.81726686207404
  4.251698457277839 50.81725606949278
  4.251475049532545 50.817236601117045
  4.251321006552637 50.81722252901822
  4.251300689927513 50.8172570043759
  4.250965296853454 50.81782614263675
  4.249778526707431 50.81945561128827
  4.248935664124748 50.8193362418126
  4.248782277729477 50.81933300347128
  4.248705599491784 50.81932598832848
  4.248626635088831 50.81931461552894
  4.248490740454833 50.81929342119922
  4.247481904527064 50.81918817318929
  4.247019806249832 50.81913003262933
  4.246523624457698 50.819084112397604
  4.246810549748635 50.81757766015225
  4.246817663440939 50.81754032113495
  4.246786962595037 50.817543807541156
  4.246732611510576 50.8175496355216
  4.246678178137962 50.81755513545112
  4.246624070649246 50.81756026028755
  4.246532631792324 50.81756923134107
  4.24652734375337 50.81756962859188
  4.245904525590611 50.81762918553315
  4.245186826522817 50.81769838301973
  4.245086141863252 50.817711645312826
  4.245065659051327 50.817714408437574
  4.245045201240928 50.817717242063445
  4.245024740739936 50.81772014040798
  4.245004380853989 50.81772309063467
  4.244958615866079 50.81772994802491
  4.244932804805933 50.817734017291926
  4.244921484119313 50.81777290373842
  4.2448940617617 50.81786709451494
  4.244646608929418 50.81883839072291
  4.244619655949707 50.818909731077994
  4.244586361814092 50.818997765251346
  4.244553915924211 50.81908599016733
  4.244519913163157 50.81917327995213
  4.244488107143902 50.81926138613859
  4.244434973269754 50.81940030056901
  4.244381050265512 50.81954127958626
  4.243830810705771 50.81957729612041
  4.243765148421366 50.81958159329253
END
END
